,instagram_id,fct_date,canonical_brand_url,fct_followers_count,est_followers_count,fct_following_count,est_following_count,fct_posts_count,est_posts_count,execution_period,comments,likes
97,2179286233,2018-10-01,lossundays.com,,,,,,,2021-12,,
145,16168990751,2018-10-01,teremana.com,,,,,,,2021-12,,
108,211618639,2018-10-01,dulcevidaspirits.com,,,,,,,2021-12,,
159,2694491630,2018-10-01,ghosttequila.com,,,,,,,2021-12,,
209,7617656729,2018-10-01,mezcalrosaluna.com,,,,,,,2021-12,,
9,2263717464,2018-10-01,madremezcal.com,,,,,,,2021-12,,
162,7740896584,2018-10-01,properwhiskey.com,,,,,,,2021-12,,
235,211618639,2018-11-01,dulcevidaspirits.com,,,,,,,2021-12,,
237,2179286233,2018-11-01,lossundays.com,7457.0,7457.0,2546.0,2546.0,194.0,194.0,2021-12,188.0,6016.0
225,2694491630,2018-11-01,ghosttequila.com,,,,,,,2021-12,,
188,2263717464,2018-11-01,madremezcal.com,,,,,,,2021-12,,
102,16168990751,2018-11-01,teremana.com,,,,,,,2021-12,,
23,7617656729,2018-11-01,mezcalrosaluna.com,,,,,,,2021-12,,
137,7740896584,2018-11-01,properwhiskey.com,,,,,,,2021-12,,
30,2694491630,2018-12-01,ghosttequila.com,,,,,,,2021-12,,
52,7740896584,2018-12-01,properwhiskey.com,,,,,,,2021-12,,
115,2179286233,2018-12-01,lossundays.com,7813.0,7694.3335,2608.0,2587.3333,208.0,203.33333,2021-12,195.0,6144.0
20,2263717464,2018-12-01,madremezcal.com,,,,,,,2021-12,,
224,211618639,2018-12-01,dulcevidaspirits.com,,,,,,,2021-12,,
270,7617656729,2018-12-01,mezcalrosaluna.com,,,,,,,2021-12,,
146,16168990751,2018-12-01,teremana.com,,,,,,,2021-12,,
119,211618639,2019-01-01,dulcevidaspirits.com,,,,,,,2021-12,,
222,2263717464,2019-01-01,madremezcal.com,,,,,,,2021-12,,
64,7740896584,2019-01-01,properwhiskey.com,,,,,,,2021-12,,
142,16168990751,2019-01-01,teremana.com,,,,,,,2021-12,,
218,2179286233,2019-01-01,lossundays.com,8377.0,8084.4287,2615.0,2603.1428,227.0,216.85715,2021-12,165.0,5025.0
90,7617656729,2019-01-01,mezcalrosaluna.com,,,,,,,2021-12,,
43,2694491630,2019-01-01,ghosttequila.com,,,,,,,2021-12,,
216,16168990751,2019-02-01,teremana.com,,,,,,,2021-12,,
155,2694491630,2019-02-01,ghosttequila.com,,,,,,,2021-12,,
190,2263717464,2019-02-01,madremezcal.com,,,,,,,2021-12,,
265,7617656729,2019-02-01,mezcalrosaluna.com,,,,,,,2021-12,,
15,211618639,2019-02-01,dulcevidaspirits.com,,,,,,,2021-12,,
234,7740896584,2019-02-01,properwhiskey.com,576126.0,576126.0,1.0,1.0,79.0,79.0,2021-12,2690.0,326098.0
196,2179286233,2019-02-01,lossundays.com,8672.0,8397.8,2697.0,2653.2,240.0,229.2,2021-12,191.0,5993.0
263,2694491630,2019-03-01,ghosttequila.com,,,,,,,2021-12,,
19,211618639,2019-03-01,dulcevidaspirits.com,,,,,,,2021-12,,
266,7740896584,2019-03-01,properwhiskey.com,587712.0,583850.0,1.0,1.0,98.0,91.666664,2021-12,2720.0,305456.0
250,2179286233,2019-03-01,lossundays.com,8809.0,8610.032,2687.0,2670.6453,259.0,244.58064,2021-12,266.0,5676.0
59,16168990751,2019-03-01,teremana.com,,,,,,,2021-12,,
78,2263717464,2019-03-01,madremezcal.com,,,,,,,2021-12,,
74,7617656729,2019-03-01,mezcalrosaluna.com,,,,,,,2021-12,,
106,7740896584,2019-04-01,properwhiskey.com,598758.0,592368.9,2.0,1.5714285,112.0,103.28571,2021-12,3960.0,341334.0
215,2694491630,2019-04-01,ghosttequila.com,9317.0,9317.0,1728.0,1728.0,813.0,813.0,2021-12,116.0,2424.0
200,16168990751,2019-04-01,teremana.com,,,,,,,2021-12,,
11,2263717464,2019-04-01,madremezcal.com,,,,,,,2021-12,,
271,7617656729,2019-04-01,mezcalrosaluna.com,,,,,,,2021-12,,
269,2179286233,2019-04-01,lossundays.com,9456.0,9039.73,2893.0,2783.5874,282.0,263.5873,2021-12,392.0,11888.0
221,211618639,2019-04-01,dulcevidaspirits.com,,,,,,,2021-12,,
86,2263717464,2019-05-01,madremezcal.com,,,,,,,2021-12,,
69,7617656729,2019-05-01,mezcalrosaluna.com,,,,,,,2021-12,,
124,211618639,2019-05-01,dulcevidaspirits.com,,,,,,,2021-12,,
125,2694491630,2019-05-01,ghosttequila.com,10308.0,9977.667,1739.0,1735.3334,808.0,809.6667,2021-12,134.0,2844.0
229,7740896584,2019-05-01,properwhiskey.com,604405.0,598788.1,2.0,1.8,128.0,116.46667,2021-12,2022.0,201422.0
136,2179286233,2019-05-01,lossundays.com,9961.0,9503.992,2978.0,2881.559,291.0,277.40158,2021-12,173.0,5993.0
267,16168990751,2019-05-01,teremana.com,,,,,,,2021-12,,
53,7740896584,2019-06-01,properwhiskey.com,612783.0,606011.3,2.0,1.9032258,141.0,129.12903,2021-12,1541.0,204547.0
261,2263717464,2019-06-01,madremezcal.com,,,,,,,2021-12,,
139,16168990751,2019-06-01,teremana.com,,,,,,,2021-12,,
158,211618639,2019-06-01,dulcevidaspirits.com,10984.0,10984.0,5857.0,5857.0,1400.0,1400.0,2021-12,198.0,3777.0
116,2179286233,2019-06-01,lossundays.com,10377.0,9942.208,3154.0,3018.3137,302.0,289.74902,2021-12,236.0,6941.0
170,7617656729,2019-06-01,mezcalrosaluna.com,,,,,,,2021-12,,
48,2694491630,2019-06-01,ghosttequila.com,10690.0,10384.714,1422.0,1556.2858,818.0,814.4286,2021-12,89.0,2387.0
114,16168990751,2019-07-01,teremana.com,,,,,,,2021-12,,
211,2263717464,2019-07-01,madremezcal.com,,,,,,,2021-12,,
160,2179286233,2019-07-01,lossundays.com,10688.0,10315.834,3243.0,3130.8767,317.0,303.40118,2021-12,259.0,6373.0
164,7617656729,2019-07-01,mezcalrosaluna.com,,,,,,,2021-12,,
47,7740896584,2019-07-01,properwhiskey.com,632046.0,619235.25,2.0,1.9523809,153.0,141.25397,2021-12,1640.0,174392.0
5,211618639,2019-07-01,dulcevidaspirits.com,12078.0,11713.333,5885.0,5875.6665,1414.0,1409.3334,2021-12,390.0,4994.0
141,2694491630,2019-07-01,ghosttequila.com,11118.0,10775.8,1551.0,1553.4667,823.0,819.0,2021-12,93.0,2217.0
259,2694491630,2019-08-01,ghosttequila.com,11630.0,11216.678,1693.0,1625.4839,834.0,826.74194,2021-12,63.0,2221.0
105,7617656729,2019-08-01,mezcalrosaluna.com,,,,,,,2021-12,,
113,2263717464,2019-08-01,madremezcal.com,,,,,,,2021-12,,
10,2179286233,2019-08-01,lossundays.com,11250.0,10783.373,3362.0,3246.5513,328.0,315.71262,2021-12,224.0,7004.0
26,7740896584,2019-08-01,properwhiskey.com,634735.0,627046.2,2.0,1.976378,169.0,155.23622,2021-12,1467.0,138832.0
65,16168990751,2019-08-01,teremana.com,,,,,,,2021-12,,
2,211618639,2019-08-01,dulcevidaspirits.com,13446.0,12703.429,5876.0,5875.857,1426.0,1418.8572,2021-12,287.0,4180.0
161,7740896584,2019-09-01,properwhiskey.com,,630335.44,,1.9882352,,165.15686,2021-12,1710.0,147982.0
194,2694491630,2019-09-01,ghosttequila.com,,11495.444,,1685.4286,,836.5238,2021-12,59.0,1981.0
157,7617656729,2019-09-01,mezcalrosaluna.com,,,,,,,2021-12,,
29,16168990751,2019-09-01,teremana.com,,,,,,,2021-12,,
202,2179286233,2019-09-01,lossundays.com,11763.0,11273.426,3464.0,3355.3289,343.0,329.36298,2021-12,246.0,6564.0
121,211618639,2019-09-01,dulcevidaspirits.com,,13584.8,,5877.4,,1428.2667,2021-12,,
214,2263717464,2019-09-01,madremezcal.com,,,,,,,2021-12,,
110,16168990751,2019-10-01,teremana.com,,,,,,,2021-12,,
18,2694491630,2019-10-01,ghosttequila.com,11901.0,11699.819,1794.0,1740.1417,858.0,847.34644,2021-12,120.0,3690.0
241,211618639,2019-10-01,dulcevidaspirits.com,,14452.517,,5879.516,,1437.9354,2021-12,,
62,7740896584,2019-10-01,properwhiskey.com,632463.0,631401.3,2.0,1.9941292,181.0,173.09393,2021-12,976.0,117346.0
67,2263717464,2019-10-01,madremezcal.com,16780.0,16780.0,191.0,191.0,447.0,447.0,2021-12,44.0,3989.0
166,7617656729,2019-10-01,mezcalrosaluna.com,,,,,,,2021-12,,
37,2179286233,2019-10-01,lossundays.com,12468.0,11870.858,3538.0,3446.6868,348.0,338.68375,2021-12,347.0,7628.0
89,2694491630,2019-11-01,ghosttequila.com,,11757.134,,1778.9725,,853.69806,2021-12,,
91,2263717464,2019-11-01,madremezcal.com,17100.0,16993.334,201.0,197.66667,450.0,449.0,2021-12,49.0,4905.0
61,2179286233,2019-11-01,lossundays.com,13337.0,12604.019,3604.0,3525.353,358.0,348.34305,2021-12,271.0,6900.0
207,7617656729,2019-11-01,mezcalrosaluna.com,,,,,,,2021-12,,
126,16168990751,2019-11-01,teremana.com,,,,,,,2021-12,,
63,7740896584,2019-11-01,properwhiskey.com,640490.0,635950.06,2.0,1.9970675,192.0,182.55621,2021-12,3255.0,162760.0
49,211618639,2019-11-01,dulcevidaspirits.com,,15327.937,,5881.9204,,1447.873,2021-12,,
258,2179286233,2019-12-01,lossundays.com,13751.0,13177.545,3689.0,3607.1814,370.0,359.17218,2021-12,404.0,9173.0
191,16168990751,2019-12-01,teremana.com,,,,,,,2021-12,,
38,7617656729,2019-12-01,mezcalrosaluna.com,,,,,,,2021-12,,
254,7740896584,2019-12-01,properwhiskey.com,689897.0,662936.75,2.0,1.9985344,227.0,204.78896,2021-12,110623.0,193077.0
1,211618639,2019-12-01,dulcevidaspirits.com,17086.0,16213.89,5887.0,5884.4805,1468.0,1458.0157,2021-12,100.0,1996.0
120,2694491630,2019-12-01,ghosttequila.com,11727.0,11742.037,1841.0,1810.047,862.0,857.8571,2021-12,81.0,2081.0
264,2263717464,2019-12-01,madremezcal.com,17693.0,17393.143,205.0,201.85715,453.0,451.2857,2021-12,44.0,4592.0
13,211618639,2020-01-01,dulcevidaspirits.com,,17208.58,,5885.494,,1466.7921,2021-12,,
179,16168990751,2020-01-01,teremana.com,,,,,,,2021-12,,
231,7617656729,2020-01-01,mezcalrosaluna.com,,,,,,,2021-12,,
151,2694491630,2020-01-01,ghosttequila.com,11744.0,11743.02,2002.0,1906.1173,862.0,859.9306,2021-12,81.0,2126.0
223,2263717464,2020-01-01,madremezcal.com,18144.0,17793.6,207.0,204.6,453.0,452.2,2021-12,46.0,4656.0
71,2179286233,2020-01-01,lossundays.com,14225.0,13701.288,3738.0,3672.5928,379.0,369.0864,2021-12,321.0,9792.0
44,7740896584,2020-01-01,properwhiskey.com,714203.0,688576.1,2.0,1.9992673,243.0,223.89914,2021-12,11090.0,549869.0
45,2179286233,2020-02-01,lossundays.com,14574.0,14137.65,3784.0,3728.297,388.0,378.54333,2021-12,234.0,7971.0
6,7617656729,2020-02-01,mezcalrosaluna.com,,,,,,,2021-12,,
8,16168990751,2020-02-01,teremana.com,,,,,,,2021-12,,
163,2263717464,2020-02-01,madremezcal.com,18594.0,18206.709,210.0,207.3871,456.0,454.1613,2021-12,54.0,4977.0
122,2694491630,2020-02-01,ghosttequila.com,11713.0,11728.003,2010.0,1958.084,866.0,862.9668,2021-12,62.0,1911.0
84,7740896584,2020-02-01,properwhiskey.com,722574.0,705577.1,2.0,1.9996338,254.0,238.95142,2021-12,1665.0,162781.0
262,211618639,2020-02-01,dulcevidaspirits.com,19305.0,18258.842,5886.0,5885.7476,1483.0,1474.912,2021-12,271.0,2823.0
212,211618639,2020-03-01,dulcevidaspirits.com,20028.0,19144.285,5888.0,5886.875,1487.0,1480.9619,2021-12,323.0,5506.0
178,2694491630,2020-03-01,ghosttequila.com,11671.0,11699.494,2013.0,1985.5487,864.0,863.4835,2021-12,39.0,1281.0
217,16168990751,2020-03-01,teremana.com,,,,,,,2021-12,,
79,7617656729,2020-03-01,mezcalrosaluna.com,,,,,,,2021-12,,
88,2263717464,2020-03-01,madremezcal.com,19014.0,18616.762,214.0,210.74603,462.0,458.14285,2021-12,40.0,3386.0
167,7740896584,2020-03-01,properwhiskey.com,733312.0,719445.44,1.0,1.4997864,272.0,255.47672,2021-12,28638.0,163595.0
220,2179286233,2020-03-01,lossundays.com,14877.0,14507.328,3856.0,3792.1492,401.0,389.77176,2021-12,721.0,13582.0
73,211618639,2020-04-01,dulcevidaspirits.com,20435.0,19789.957,5883.0,5884.9365,1493.0,1486.9839,2021-12,479.0,5015.0
228,2694491630,2020-04-01,ghosttequila.com,11833.0,11766.255,2015.0,2000.2761,879.0,871.2427,2021-12,22.0,1170.0
54,7740896584,2020-04-01,properwhiskey.com,731240.0,725342.9,1.0,1.2498856,283.0,269.23877,2021-12,6878.0,106353.0
198,2179286233,2020-04-01,lossundays.com,17115.0,15811.169,3954.0,3873.075,425.0,407.38596,2021-12,958.0,11977.0
257,16168990751,2020-04-01,teremana.com,303957.0,303957.0,3.0,3.0,28.0,28.0,2021-12,6676.0,206689.0
245,7617656729,2020-04-01,mezcalrosaluna.com,,,,,,,2021-12,,
244,2263717464,2020-04-01,madremezcal.com,19660.0,19142.488,218.0,214.40158,468.0,463.11023,2021-12,42.0,3019.0
16,2694491630,2020-05-01,ghosttequila.com,,11799.63,,2007.6385,,875.1216,2021-12,,
144,7740896584,2020-05-01,properwhiskey.com,724773.0,725057.94,1.0,1.1249409,294.0,281.61957,2021-12,1078.0,89480.0
268,16168990751,2020-05-01,teremana.com,391923.0,362601.0,3.0,3.0,39.0,35.333332,2021-12,3896.0,126892.0
171,7617656729,2020-05-01,mezcalrosaluna.com,,,,,,,2021-12,,
176,2263717464,2020-05-01,madremezcal.com,20352.0,19749.615,232.0,223.23529,471.0,467.0706,2021-12,65.0,5721.0
255,211618639,2020-05-01,dulcevidaspirits.com,20711.0,20250.592,5656.0,5770.4404,1498.0,1492.4933,2021-12,339.0,6699.0
117,2179286233,2020-05-01,lossundays.com,18977.0,17394.088,4017.0,3945.0376,436.0,421.693,2021-12,424.0,10062.0
201,211618639,2020-06-01,dulcevidaspirits.com,20772.0,20511.328,5335.0,5552.6934,1500.0,1496.2471,2021-12,181.0,3596.0
22,16168990751,2020-06-01,teremana.com,416306.0,393289.56,3.0,3.0,43.0,39.714287,2021-12,3671.0,147466.0
51,2179286233,2020-06-01,lossundays.com,19945.0,18669.545,4060.0,4002.5188,444.0,432.8465,2021-12,365.0,12574.0
85,7740896584,2020-06-01,properwhiskey.com,,723524.7,,1.06247,,292.05988,2021-12,,
57,7617656729,2020-06-01,mezcalrosaluna.com,,,,,,,2021-12,,
104,2694491630,2020-06-01,ghosttequila.com,,11816.315,,2011.3193,,877.06085,2021-12,,
75,2263717464,2020-06-01,madremezcal.com,21495.0,20624.016,254.0,238.64775,480.0,473.54794,2021-12,46.0,4582.0
204,211618639,2020-07-01,dulcevidaspirits.com,20940.0,20725.678,5128.0,5340.334,1501.0,1498.6237,2021-12,285.0,3711.0
251,2694491630,2020-07-01,ghosttequila.com,,11824.658,,2013.1597,,878.03046,2021-12,,
226,16168990751,2020-07-01,teremana.com,468225.0,433255.12,3.0,3.0,51.0,45.733334,2021-12,2812.0,160815.0
272,2179286233,2020-07-01,lossundays.com,20543.0,19606.273,4089.0,4045.7595,457.0,444.92325,2021-12,444.0,12916.0
100,2263717464,2020-07-01,madremezcal.com,21656.0,21140.512,258.0,248.33333,480.0,476.77713,2021-12,48.0,4634.0
109,7740896584,2020-07-01,properwhiskey.com,719210.0,721367.4,1.0,1.0312349,311.0,301.52997,2021-12,1781.0,158840.0
80,7617656729,2020-07-01,mezcalrosaluna.com,,,,,,,2021-12,,
94,2263717464,2020-08-01,madremezcal.com,,21702.531,,256.42062,,479.89008,2021-12,,
210,211618639,2020-08-01,dulcevidaspirits.com,21086.0,20905.844,4846.0,5093.159,1503.0,1500.8119,2021-12,375.0,5076.0
39,2179286233,2020-08-01,lossundays.com,,20775.137,,4096.13,,457.71164,2021-12,,
132,7617656729,2020-08-01,mezcalrosaluna.com,,,,,,,2021-12,,
149,16168990751,2020-08-01,teremana.com,501210.0,468328.62,3.0,3.0,57.0,51.548386,2021-12,2850.0,89298.0
153,2694491630,2020-08-01,ghosttequila.com,,11828.829,,2014.0798,,878.5152,2021-12,,
260,7740896584,2020-08-01,properwhiskey.com,715498.0,718432.7,1.0,1.0156174,320.0,310.765,2021-12,1438.0,171263.0
96,211618639,2020-09-01,dulcevidaspirits.com,21149.0,21027.424,4599.0,4846.0757,1501.0,1500.906,2021-12,165.0,2443.0
177,7617656729,2020-09-01,mezcalrosaluna.com,,,,,,,2021-12,,
187,2179286233,2020-09-01,lossundays.com,23345.0,22060.068,4204.0,4150.065,484.0,470.8558,2021-12,302.0,8238.0
213,2694491630,2020-09-01,ghosttequila.com,,11830.914,,2014.5399,,878.7576,2021-12,,
168,2263717464,2020-09-01,madremezcal.com,22872.0,22287.408,271.0,263.7121,486.0,482.9458,2021-12,46.0,4977.0
111,16168990751,2020-09-01,teremana.com,,500282.1,,3.0,,58.126984,2021-12,,
76,7740896584,2020-09-01,properwhiskey.com,,716197.8,,1.5078092,,319.3825,2021-12,,
140,2179286233,2020-10-01,lossundays.com,,22880.367,,4198.032,,482.42792,2021-12,,
60,2263717464,2020-10-01,madremezcal.com,23505.0,22896.28,278.0,270.8569,495.0,488.97363,2021-12,31.0,3486.0
185,7740896584,2020-10-01,properwhiskey.com,712428.0,714312.94,3.0,2.253905,336.0,327.69125,2021-12,5277.0,111535.0
143,211618639,2020-10-01,dulcevidaspirits.com,21164.0,21095.713,4595.0,4720.537,1505.0,1502.953,2021-12,216.0,6920.0
128,16168990751,2020-10-01,teremana.com,561264.0,531013.1,3.0,3.0,72.0,65.11811,2021-12,1918.0,77230.0
92,7617656729,2020-10-01,mezcalrosaluna.com,9974.0,9974.0,156.0,156.0,80.0,80.0,2021-12,115.0,1570.0
68,2694491630,2020-10-01,ghosttequila.com,,11831.957,,2014.77,,878.8788,2021-12,,
173,2179286233,2020-11-01,lossundays.com,,23468.35,,4243.016,,493.21396,2021-12,,
35,7617656729,2020-11-01,mezcalrosaluna.com,10643.0,10420.0,229.0,204.66667,108.0,98.666664,2021-12,70.0,1342.0
219,2694491630,2020-11-01,ghosttequila.com,,11832.479,,2014.885,,878.9394,2021-12,,
243,2263717464,2020-11-01,madremezcal.com,24340.0,23618.184,286.0,278.42892,507.0,497.98737,2021-12,1424.0,5682.0
242,211618639,2020-11-01,dulcevidaspirits.com,21271.0,21183.357,4499.0,4609.768,1514.0,1508.4766,2021-12,140.0,4333.0
147,16168990751,2020-11-01,teremana.com,580239.0,555722.56,3.0,3.0,81.0,73.090195,2021-12,2185.0,108898.0
138,7740896584,2020-11-01,properwhiskey.com,,722622.7,,2.3769524,,339.84564,2021-12,,
195,2263717464,2020-12-01,madremezcal.com,25755.0,24686.625,302.0,290.2148,513.0,505.4939,2021-12,367.0,5891.0
21,2694491630,2020-12-01,ghosttequila.com,,11832.739,,2014.9425,,878.9697,2021-12,,
175,2179286233,2020-12-01,lossundays.com,24412.0,23940.176,4330.0,4286.5083,514.0,503.60696,2021-12,223.0,8402.0
99,7740896584,2020-12-01,properwhiskey.com,,736029.9,,2.1884763,,353.92282,2021-12,,
156,7617656729,2020-12-01,mezcalrosaluna.com,11254.0,10896.571,262.0,237.42857,141.0,122.85714,2021-12,76.0,1654.0
36,16168990751,2020-12-01,teremana.com,614988.0,585413.3,3.0,3.0,90.0,81.561646,2021-12,1720.0,93389.0
135,211618639,2020-12-01,dulcevidaspirits.com,21295.0,21239.178,4467.0,4538.384,1519.0,1513.7383,2021-12,173.0,4014.0
50,2263717464,2021-01-01,madremezcal.com,,25503.492,,297.6075,,491.74673,2021-12,,
172,7617656729,2021-01-01,mezcalrosaluna.com,11781.0,11368.267,267.0,253.2,168.0,146.93333,2021-12,37.0,1258.0
252,2694491630,2021-01-01,ghosttequila.com,,11832.87,,2014.9712,,878.98486,2021-12,,
150,2179286233,2021-01-01,lossundays.com,,25252.588,,4333.254,,513.55347,2021-12,,
32,16168990751,2021-01-01,teremana.com,641275.0,613371.44,3.0,3.0,101.0,91.29032,2021-12,2334.0,99573.0
28,7740896584,2021-01-01,properwhiskey.com,,751985.7,,1.844238,,368.9614,2021-12,,
182,211618639,2021-01-01,dulcevidaspirits.com,,21285.09,,4470.192,,1518.7025,2021-12,,
40,2263717464,2021-02-01,madremezcal.com,,26194.584,,302.8038,,467.3732,2021-12,,
81,2179286233,2021-02-01,lossundays.com,28718.0,26985.293,4430.0,4381.627,533.0,523.27673,2021-12,288.0,12998.0
247,7740896584,2021-02-01,properwhiskey.com,786446.0,769215.8,1.0,1.422119,400.0,384.4807,2021-12,871.0,109065.0
4,16168990751,2021-02-01,teremana.com,,640402.44,,3.0,,102.40059,2021-12,,
239,2694491630,2021-02-01,ghosttequila.com,,11832.935,,2014.9856,,878.99243,2021-12,,
93,7617656729,2021-02-01,mezcalrosaluna.com,,11694.322,,269.78494,,171.74193,2021-12,,
197,211618639,2021-02-01,dulcevidaspirits.com,,21326.045,,4403.5957,,1523.518,2021-12,,
0,16168990751,2021-03-01,teremana.com,693539.0,666977.2,3.0,3.0,126.0,114.20318,2021-12,1580.0,100274.0
3,7740896584,2021-03-01,properwhiskey.com,,774997.7,,1.2110596,,397.74036,2021-12,,
31,2694491630,2021-03-01,ghosttequila.com,,11832.968,,2014.9928,,878.9962,2021-12,,
131,211618639,2021-03-01,dulcevidaspirits.com,21403.0,21364.521,4272.0,4337.798,1533.0,1528.2589,2021-12,116.0,2489.0
118,2179286233,2021-03-01,lossundays.com,29425.0,28205.146,4465.0,4423.3135,541.0,532.13837,2021-12,298.0,13458.0
72,2263717464,2021-03-01,madremezcal.com,27451.0,26822.795,311.0,306.90192,408.0,437.6865,2021-12,84.0,4811.0
189,7617656729,2021-03-01,mezcalrosaluna.com,,11960.825,,286.99472,,197.26984,2021-12,,
248,2179286233,2021-04-01,lossundays.com,,29300.656,,4467.1567,,541.5692,2021-12,,
236,211618639,2021-04-01,dulcevidaspirits.com,,21540.094,,4341.0654,,1533.4628,2021-12,,
180,16168990751,2021-04-01,teremana.com,702182.0,684581.75,3.0,3.0,138.0,126.10304,2021-12,4719.0,81857.0
82,7617656729,2021-04-01,mezcalrosaluna.com,12438.0,12201.291,322.0,304.63516,249.0,223.33858,2021-12,97.0,1576.0
98,2263717464,2021-04-01,madremezcal.com,,27627.97,,344.8796,,426.2718,2021-12,,
42,7740896584,2021-04-01,properwhiskey.com,775113.0,775055.3,1.0,1.1055298,422.0,409.87018,2021-12,485.0,44963.0
101,2694491630,2021-04-01,ghosttequila.com,,11832.983,,2014.9965,,878.9981,2021-12,,
203,16168990751,2021-05-01,teremana.com,,697549.94,,3.0,,137.1772,2021-12,,
25,2179286233,2021-05-01,lossundays.com,,30333.994,,4512.0786,,551.2846,2021-12,,
133,211618639,2021-05-01,dulcevidaspirits.com,,21784.215,,4378.866,,1538.8981,2021-12,,
165,2263717464,2021-05-01,madremezcal.com,,28521.629,,399.797,,423.99304,2021-12,,
199,7740896584,2021-05-01,properwhiskey.com,,775045.25,,1.0527649,,421.3101,2021-12,,
46,7617656729,2021-05-01,mezcalrosaluna.com,,12414.792,,317.11633,,246.82353,2021-12,,
83,2694491630,2021-05-01,ghosttequila.com,,11832.992,,2014.9982,,878.999,2021-12,,
192,2179286233,2021-06-01,lossundays.com,,31336.248,,4557.539,,561.1423,2021-12,,
181,16168990751,2021-06-01,teremana.com,,708200.8,,3.0,,147.83893,2021-12,,
58,211618639,2021-06-01,dulcevidaspirits.com,,22062.607,,4433.933,,1544.4491,2021-12,,
230,7740896584,2021-06-01,properwhiskey.com,,775001.25,,1.0263824,,432.40503,2021-12,,
256,2263717464,2021-06-01,madremezcal.com,,29459.53,,463.18423,,426.28223,2021-12,,
253,2694491630,2021-06-01,ghosttequila.com,,11832.996,,2014.9991,,878.9995,2021-12,,
41,7617656729,2021-06-01,mezcalrosaluna.com,,12615.413,,327.07764,,269.08023,2021-12,,
183,2694491630,2021-07-01,ghosttequila.com,,11832.998,,2014.9995,,878.99976,2021-12,,
152,2263717464,2021-07-01,madremezcal.com,,30419.55,,530.8064,,430.8554,2021-12,,
27,16168990751,2021-07-01,teremana.com,,717693.3,,3.0,,158.29462,2021-12,,
77,2179286233,2021-07-01,lossundays.com,,32322.957,,4603.2695,,571.07117,2021-12,,
123,7740896584,2021-07-01,properwhiskey.com,,774940.3,,1.0131912,,443.3275,2021-12,,
127,211618639,2021-07-01,dulcevidaspirits.com,,22358.137,,4497.6333,,1550.0579,2021-12,,
56,7617656729,2021-07-01,mezcalrosaluna.com,,12809.834,,335.79733,,290.74878,2021-12,,
66,211618639,2021-08-01,dulcevidaspirits.com,,22662.234,,4565.65,,1555.6956,2021-12,,
240,7740896584,2021-08-01,properwhiskey.com,,774870.9,,1.0065956,,454.16376,2021-12,,
14,2694491630,2021-08-01,ghosttequila.com,,11832.999,,2014.9998,,878.9999,2021-12,,
174,2263717464,2021-08-01,madremezcal.com,,31390.633,,600.5461,,436.57056,2021-12,,
193,7617656729,2021-08-01,mezcalrosaluna.com,,13001.261,,343.90262,,312.13483,2021-12,,
112,2179286233,2021-08-01,lossundays.com,,33301.895,,4649.135,,581.0356,2021-12,,
186,16168990751,2021-08-01,teremana.com,,726606.7,,3.0,,168.64738,2021-12,,
34,2694491630,2021-09-01,ghosttequila.com,,11832.999,,2014.9999,,878.99994,2021-12,,
238,2263717464,2021-09-01,madremezcal.com,,32367.244,,671.3445,,442.85672,2021-12,,
87,2179286233,2021-09-01,lossundays.com,35252.0,34276.95,4741.0,4695.0674,601.0,591.01776,2021-12,614.0,11907.0
129,7617656729,2021-09-01,mezcalrosaluna.com,,13191.239,,351.70322,,333.3851,2021-12,,
24,211618639,2021-09-01,dulcevidaspirits.com,,22970.617,,4635.825,,1561.3478,2021-12,,
148,7740896584,2021-09-01,properwhiskey.com,,774797.25,,1.0032978,,464.95688,2021-12,,
134,16168990751,2021-09-01,teremana.com,,735230.6,,3.0,,178.94873,2021-12,,
154,7617656729,2021-10-01,mezcalrosaluna.com,,13380.518,,359.35254,,354.57013,2021-12,,
184,16168990751,2021-10-01,teremana.com,,743709.8,,3.0,,189.22438,2021-12,,
206,2263717464,2021-10-01,madremezcal.com,34326.0,33346.62,814.0,742.67224,456.0,449.42834,2021-12,56.0,6013.0
205,211618639,2021-10-01,dulcevidaspirits.com,,23281.143,,4707.079,,1567.0072,2021-12,,
130,7740896584,2021-10-01,properwhiskey.com,,774721.5,,1.0016489,,475.72845,2021-12,,
249,2694491630,2021-10-01,ghosttequila.com,,11833.0,,2015.0,,879.0,2021-12,,
103,2179286233,2021-10-01,lossundays.com,36338.0,35307.473,4824.0,4759.5337,613.0,602.0089,2021-12,350.0,8594.0
95,7617656729,2021-11-01,mezcalrosaluna.com,,13569.458,,366.92673,,375.72385,2021-12,177.0,929.0
7,2694491630,2021-11-01,ghosttequila.com,,11833.0,,2015.0,,879.0,2021-12,,
12,7740896584,2021-11-01,properwhiskey.com,,774644.7,,1.0008245,,486.48923,2021-12,545.0,60549.0
17,211618639,2021-11-01,dulcevidaspirits.com,,23592.738,,4778.873,,1572.6703,2021-12,41.0,1441.0
208,2179286233,2021-11-01,lossundays.com,,36535.99,,4824.267,,614.50446,2021-12,483.0,9991.0
70,16168990751,2021-11-01,teremana.com,,752116.7,,3.0,,199.4872,2021-12,1128.0,43070.0
232,2263717464,2021-11-01,madremezcal.com,,34168.562,,792.8361,,455.71417,2021-12,56.0,6563.0
169,2263717464,2021-12-01,madremezcal.com,35655.0,34911.78,872.0,832.418,468.0,461.8571,2021-12,68.0,6828.0
107,7740896584,2021-12-01,properwhiskey.com,774490.0,774567.4,1.0,1.0004122,508.0,497.2446,2021-12,,
233,2694491630,2021-12-01,ghosttequila.com,,11833.0,,2015.0,,879.0,2021-12,,
55,211618639,2021-12-01,dulcevidaspirits.com,24217.0,23904.87,4923.0,4850.9365,1584.0,1578.3351,2021-12,,
227,16168990751,2021-12-01,teremana.com,768858.0,760487.3,3.0,3.0,220.0,209.7436,2021-12,1009.0,51334.0
33,2179286233,2021-12-01,lossundays.com,39191.0,37863.492,4954.0,4889.1333,641.0,627.7522,2021-12,,
246,7617656729,2021-12-01,mezcalrosaluna.com,13947.0,13758.234,382.0,374.4636,418.0,396.86258,2021-12,,
