,normalized_url,review_date,count,cumulative,Brand,product_count,reviewsPerProduct
42,cerave.com,2021-07-01,67,67,Cerave,189,0.3544973544973545
558,cleanandclear.com,2021-07-01,4,4,Clean & Clear,74,0.05405405405405406
315,cetaphil.com,2021-07-01,20,20,Cetaphil,175,0.11428571428571428
763,hellobubble.com,2021-07-01,9,9,Bubble,10,0.9
934,neutrogena.com,2021-07-01,56,56,Neutrogena,742,0.07547169811320754
383,cetaphil.com,2021-07-02,13,33,Cetaphil,175,0.18857142857142858
43,cerave.com,2021-07-02,67,134,Cerave,189,0.708994708994709
794,hellobubble.com,2021-07-02,4,13,Bubble,10,1.3
928,neutrogena.com,2021-07-02,61,117,Neutrogena,742,0.15768194070080863
543,cleanandclear.com,2021-07-02,6,10,Clean & Clear,74,0.13513513513513514
69,cerave.com,2021-07-03,60,194,Cerave,189,1.0264550264550265
366,cetaphil.com,2021-07-03,14,47,Cetaphil,175,0.26857142857142857
779,hellobubble.com,2021-07-03,5,18,Bubble,10,1.8
955,neutrogena.com,2021-07-03,43,160,Neutrogena,742,0.215633423180593
539,cleanandclear.com,2021-07-03,7,17,Clean & Clear,74,0.22972972972972974
939,neutrogena.com,2021-07-04,49,209,Neutrogena,742,0.2816711590296496
201,cerave.com,2021-07-04,35,229,Cerave,189,1.2116402116402116
559,cleanandclear.com,2021-07-04,4,21,Clean & Clear,74,0.28378378378378377
339,cetaphil.com,2021-07-04,17,64,Cetaphil,175,0.3657142857142857
834,hellobubble.com,2021-07-04,2,20,Bubble,10,2.0
926,neutrogena.com,2021-07-05,65,274,Neutrogena,742,0.3692722371967655
429,cetaphil.com,2021-07-05,10,74,Cetaphil,175,0.4228571428571429
600,cleanandclear.com,2021-07-05,2,23,Clean & Clear,74,0.3108108108108108
780,hellobubble.com,2021-07-05,5,25,Bubble,10,2.5
150,cerave.com,2021-07-05,43,272,Cerave,189,1.439153439153439
795,hellobubble.com,2021-07-06,4,29,Bubble,10,2.9
321,cetaphil.com,2021-07-06,19,93,Cetaphil,175,0.5314285714285715
549,cleanandclear.com,2021-07-06,5,28,Clean & Clear,74,0.3783783783783784
56,cerave.com,2021-07-06,63,335,Cerave,189,1.7724867724867726
921,neutrogena.com,2021-07-06,78,352,Neutrogena,742,0.4743935309973046
535,cleanandclear.com,2021-07-07,8,36,Clean & Clear,74,0.4864864864864865
9,cerave.com,2021-07-07,85,420,Cerave,189,2.2222222222222223
796,hellobubble.com,2021-07-07,4,33,Bubble,10,3.3
922,neutrogena.com,2021-07-07,75,427,Neutrogena,742,0.5754716981132075
367,cetaphil.com,2021-07-07,14,107,Cetaphil,175,0.6114285714285714
932,neutrogena.com,2021-07-08,57,484,Neutrogena,742,0.6522911051212938
15,cerave.com,2021-07-08,81,501,Cerave,189,2.6507936507936507
560,cleanandclear.com,2021-07-08,4,40,Clean & Clear,74,0.5405405405405406
332,cetaphil.com,2021-07-08,18,125,Cetaphil,175,0.7142857142857143
770,hellobubble.com,2021-07-08,6,39,Bubble,10,3.9
781,hellobubble.com,2021-07-09,5,44,Bubble,10,4.4
17,cerave.com,2021-07-09,79,580,Cerave,189,3.068783068783069
282,cetaphil.com,2021-07-09,31,156,Cetaphil,175,0.8914285714285715
948,neutrogena.com,2021-07-09,46,530,Neutrogena,742,0.7142857142857143
601,cleanandclear.com,2021-07-09,2,42,Clean & Clear,74,0.5675675675675675
179,cerave.com,2021-07-10,39,619,Cerave,189,3.2751322751322753
301,cetaphil.com,2021-07-10,23,179,Cetaphil,175,1.022857142857143
956,neutrogena.com,2021-07-10,43,573,Neutrogena,742,0.7722371967654986
835,hellobubble.com,2021-07-10,2,46,Bubble,10,4.6
602,cleanandclear.com,2021-07-10,2,44,Clean & Clear,74,0.5945945945945946
21,cerave.com,2021-07-11,77,696,Cerave,189,3.6825396825396823
368,cetaphil.com,2021-07-11,14,193,Cetaphil,175,1.1028571428571428
561,cleanandclear.com,2021-07-11,4,48,Clean & Clear,74,0.6486486486486487
836,hellobubble.com,2021-07-11,2,48,Bubble,10,4.8
952,neutrogena.com,2021-07-11,44,617,Neutrogena,742,0.8315363881401617
797,hellobubble.com,2021-07-12,4,52,Bubble,10,5.2
924,neutrogena.com,2021-07-12,68,685,Neutrogena,742,0.9231805929919138
4,cerave.com,2021-07-12,90,786,Cerave,189,4.158730158730159
550,cleanandclear.com,2021-07-12,5,53,Clean & Clear,74,0.7162162162162162
271,cetaphil.com,2021-07-12,45,238,Cetaphil,175,1.36
268,cetaphil.com,2021-07-13,64,302,Cetaphil,175,1.7257142857142858
983,neutrogena.com,2021-07-13,37,722,Neutrogena,742,0.9730458221024259
837,hellobubble.com,2021-07-13,2,54,Bubble,10,5.4
44,cerave.com,2021-07-13,66,852,Cerave,189,4.507936507936508
603,cleanandclear.com,2021-07-14,2,55,Clean & Clear,74,0.7432432432432432
966,neutrogena.com,2021-07-14,41,763,Neutrogena,742,1.028301886792453
29,cerave.com,2021-07-14,72,924,Cerave,189,4.888888888888889
273,cetaphil.com,2021-07-14,44,346,Cetaphil,175,1.977142857142857
815,hellobubble.com,2021-07-14,3,57,Bubble,10,5.7
920,neutrogena.com,2021-07-15,90,853,Neutrogena,742,1.1495956873315365
551,cleanandclear.com,2021-07-15,5,60,Clean & Clear,74,0.8108108108108109
12,cerave.com,2021-07-15,82,1006,Cerave,189,5.322751322751323
736,hellobubble.com,2021-07-15,99,156,Bubble,10,15.6
322,cetaphil.com,2021-07-15,19,365,Cetaphil,175,2.085714285714286
413,cetaphil.com,2021-07-16,11,376,Cetaphil,175,2.1485714285714286
944,neutrogena.com,2021-07-16,47,900,Neutrogena,742,1.2129380053908356
562,cleanandclear.com,2021-07-16,4,64,Clean & Clear,74,0.8648648648648649
60,cerave.com,2021-07-16,62,1068,Cerave,189,5.650793650793651
737,hellobubble.com,2021-07-16,66,222,Bubble,10,22.2
384,cetaphil.com,2021-07-17,13,389,Cetaphil,175,2.222857142857143
544,cleanandclear.com,2021-07-17,6,70,Clean & Clear,74,0.9459459459459459
53,cerave.com,2021-07-17,64,1132,Cerave,189,5.98941798941799
1049,neutrogena.com,2021-07-17,28,928,Neutrogena,742,1.2506738544474394
749,hellobubble.com,2021-07-17,17,239,Bubble,10,23.9
738,hellobubble.com,2021-07-18,39,278,Bubble,10,27.8
33,cerave.com,2021-07-18,69,1201,Cerave,189,6.354497354497354
1033,neutrogena.com,2021-07-18,29,957,Neutrogena,742,1.289757412398922
545,cleanandclear.com,2021-07-18,6,76,Clean & Clear,74,1.027027027027027
302,cetaphil.com,2021-07-18,23,412,Cetaphil,175,2.354285714285714
1020,neutrogena.com,2021-07-19,31,988,Neutrogena,742,1.3315363881401616
571,cleanandclear.com,2021-07-19,3,79,Clean & Clear,74,1.0675675675675675
741,hellobubble.com,2021-07-19,28,306,Bubble,10,30.6
323,cetaphil.com,2021-07-19,19,431,Cetaphil,175,2.462857142857143
3,cerave.com,2021-07-19,91,1292,Cerave,189,6.835978835978836
739,hellobubble.com,2021-07-20,35,341,Bubble,10,34.1
11,cerave.com,2021-07-20,84,1376,Cerave,189,7.28042328042328
536,cleanandclear.com,2021-07-20,8,87,Clean & Clear,74,1.1756756756756757
974,neutrogena.com,2021-07-20,38,1026,Neutrogena,742,1.3827493261455526
392,cetaphil.com,2021-07-20,12,443,Cetaphil,175,2.5314285714285716
940,neutrogena.com,2021-07-21,49,1075,Neutrogena,742,1.4487870619946093
743,hellobubble.com,2021-07-21,22,363,Bubble,10,36.3
563,cleanandclear.com,2021-07-21,4,91,Clean & Clear,74,1.2297297297297298
64,cerave.com,2021-07-21,61,1437,Cerave,189,7.603174603174603
324,cetaphil.com,2021-07-21,19,462,Cetaphil,175,2.64
311,cetaphil.com,2021-07-22,21,483,Cetaphil,175,2.76
540,cleanandclear.com,2021-07-22,7,98,Clean & Clear,74,1.3243243243243243
754,hellobubble.com,2021-07-22,14,377,Bubble,10,37.7
94,cerave.com,2021-07-22,55,1492,Cerave,189,7.894179894179894
1034,neutrogena.com,2021-07-22,29,1104,Neutrogena,742,1.4878706199460916
369,cetaphil.com,2021-07-23,14,497,Cetaphil,175,2.84
1121,neutrogena.com,2021-07-23,22,1126,Neutrogena,742,1.517520215633423
742,hellobubble.com,2021-07-23,28,405,Bubble,10,40.5
48,cerave.com,2021-07-23,65,1557,Cerave,189,8.238095238095237
537,cleanandclear.com,2021-07-23,8,106,Clean & Clear,74,1.4324324324324325
755,hellobubble.com,2021-07-24,14,419,Bubble,10,41.9
1074,neutrogena.com,2021-07-24,26,1152,Neutrogena,742,1.5525606469002695
481,cetaphil.com,2021-07-24,7,504,Cetaphil,175,2.88
155,cerave.com,2021-07-24,42,1599,Cerave,189,8.46031746031746
604,cleanandclear.com,2021-07-24,2,108,Clean & Clear,74,1.4594594594594594
23,cerave.com,2021-07-25,74,1673,Cerave,189,8.851851851851851
348,cetaphil.com,2021-07-25,16,520,Cetaphil,175,2.9714285714285715
1035,neutrogena.com,2021-07-25,29,1181,Neutrogena,742,1.591644204851752
534,cleanandclear.com,2021-07-25,9,117,Clean & Clear,74,1.5810810810810811
747,hellobubble.com,2021-07-25,18,437,Bubble,10,43.7
782,hellobubble.com,2021-07-26,5,442,Bubble,10,44.2
297,cetaphil.com,2021-07-26,24,544,Cetaphil,175,3.1085714285714285
121,cerave.com,2021-07-26,48,1721,Cerave,189,9.105820105820106
987,neutrogena.com,2021-07-26,36,1217,Neutrogena,742,1.6401617250673854
546,cleanandclear.com,2021-07-26,6,123,Clean & Clear,74,1.662162162162162
949,neutrogena.com,2021-07-27,46,1263,Neutrogena,742,1.702156334231806
393,cetaphil.com,2021-07-27,12,556,Cetaphil,175,3.177142857142857
751,hellobubble.com,2021-07-27,15,457,Bubble,10,45.7
61,cerave.com,2021-07-27,62,1783,Cerave,189,9.433862433862434
572,cleanandclear.com,2021-07-27,3,126,Clean & Clear,74,1.7027027027027026
744,hellobubble.com,2021-07-28,21,478,Bubble,10,47.8
86,cerave.com,2021-07-28,56,1839,Cerave,189,9.73015873015873
1007,neutrogena.com,2021-07-28,33,1296,Neutrogena,742,1.7466307277628033
541,cleanandclear.com,2021-07-28,7,133,Clean & Clear,74,1.7972972972972974
349,cetaphil.com,2021-07-28,16,572,Cetaphil,175,3.2685714285714287
752,hellobubble.com,2021-07-29,15,493,Bubble,10,49.3
34,cerave.com,2021-07-29,69,1908,Cerave,189,10.095238095238095
303,cetaphil.com,2021-07-29,23,595,Cetaphil,175,3.4
1050,neutrogena.com,2021-07-29,28,1324,Neutrogena,742,1.784366576819407
552,cleanandclear.com,2021-07-29,5,138,Clean & Clear,74,1.864864864864865
350,cetaphil.com,2021-07-30,16,611,Cetaphil,175,3.4914285714285715
999,neutrogena.com,2021-07-30,34,1358,Neutrogena,742,1.830188679245283
573,cleanandclear.com,2021-07-30,3,141,Clean & Clear,74,1.9054054054054055
764,hellobubble.com,2021-07-30,9,502,Bubble,10,50.2
111,cerave.com,2021-07-30,51,1959,Cerave,189,10.365079365079366
574,cleanandclear.com,2021-07-31,3,144,Clean & Clear,74,1.945945945945946
430,cetaphil.com,2021-07-31,10,621,Cetaphil,175,3.5485714285714285
1036,neutrogena.com,2021-07-31,29,1387,Neutrogena,742,1.8692722371967656
757,hellobubble.com,2021-07-31,13,515,Bubble,10,51.5
142,cerave.com,2021-07-31,45,2004,Cerave,189,10.603174603174603
605,cleanandclear.com,2021-08-01,2,146,Clean & Clear,74,1.972972972972973
765,hellobubble.com,2021-08-01,9,524,Bubble,10,52.4
112,cerave.com,2021-08-01,51,2055,Cerave,189,10.873015873015873
988,neutrogena.com,2021-08-01,36,1423,Neutrogena,742,1.917789757412399
431,cetaphil.com,2021-08-01,10,631,Cetaphil,175,3.605714285714286
606,cleanandclear.com,2021-08-02,2,148,Clean & Clear,74,2.0
482,cetaphil.com,2021-08-02,7,638,Cetaphil,175,3.645714285714286
740,hellobubble.com,2021-08-02,32,556,Bubble,10,55.6
87,cerave.com,2021-08-02,56,2111,Cerave,189,11.16931216931217
975,neutrogena.com,2021-08-02,38,1461,Neutrogena,742,1.9690026954177897
575,cleanandclear.com,2021-08-03,3,151,Clean & Clear,74,2.0405405405405403
394,cetaphil.com,2021-08-03,12,650,Cetaphil,175,3.7142857142857144
783,hellobubble.com,2021-08-03,5,561,Bubble,10,56.1
993,neutrogena.com,2021-08-03,35,1496,Neutrogena,742,2.0161725067385445
135,cerave.com,2021-08-03,46,2157,Cerave,189,11.412698412698413
294,cetaphil.com,2021-08-04,25,675,Cetaphil,175,3.857142857142857
576,cleanandclear.com,2021-08-04,3,154,Clean & Clear,74,2.081081081081081
750,hellobubble.com,2021-08-04,17,578,Bubble,10,57.8
172,cerave.com,2021-08-04,40,2197,Cerave,189,11.624338624338625
1083,neutrogena.com,2021-08-04,25,1521,Neutrogena,742,2.049865229110512
745,hellobubble.com,2021-08-05,21,599,Bubble,10,59.9
1021,neutrogena.com,2021-08-05,31,1552,Neutrogena,742,2.091644204851752
65,cerave.com,2021-08-05,61,2258,Cerave,189,11.947089947089948
354,cetaphil.com,2021-08-05,15,690,Cetaphil,175,3.942857142857143
577,cleanandclear.com,2021-08-05,3,157,Clean & Clear,74,2.1216216216216215
564,cleanandclear.com,2021-08-06,4,161,Clean & Clear,74,2.175675675675676
151,cerave.com,2021-08-06,43,2301,Cerave,189,12.174603174603174
784,hellobubble.com,2021-08-06,5,604,Bubble,10,60.4
432,cetaphil.com,2021-08-06,10,700,Cetaphil,175,4.0
1131,neutrogena.com,2021-08-06,21,1573,Neutrogena,742,2.1199460916442048
49,cerave.com,2021-08-07,65,2366,Cerave,189,12.518518518518519
607,cleanandclear.com,2021-08-07,2,163,Clean & Clear,74,2.2027027027027026
838,hellobubble.com,2021-08-07,2,606,Bubble,10,60.6
1051,neutrogena.com,2021-08-07,28,1601,Neutrogena,742,2.1576819407008085
414,cetaphil.com,2021-08-07,11,711,Cetaphil,175,4.062857142857143
304,cetaphil.com,2021-08-08,23,734,Cetaphil,175,4.194285714285714
758,hellobubble.com,2021-08-08,11,617,Bubble,10,61.7
608,cleanandclear.com,2021-08-08,2,165,Clean & Clear,74,2.22972972972973
13,cerave.com,2021-08-08,82,2448,Cerave,189,12.952380952380953
1132,neutrogena.com,2021-08-08,21,1622,Neutrogena,742,2.1859838274932613
312,cetaphil.com,2021-08-09,21,755,Cetaphil,175,4.314285714285714
578,cleanandclear.com,2021-08-09,3,168,Clean & Clear,74,2.27027027027027
1015,neutrogena.com,2021-08-09,32,1654,Neutrogena,742,2.22911051212938
748,hellobubble.com,2021-08-09,18,635,Bubble,10,63.5
22,cerave.com,2021-08-09,76,2524,Cerave,189,13.354497354497354
57,cerave.com,2021-08-10,63,2587,Cerave,189,13.687830687830688
670,cleanandclear.com,2021-08-10,1,169,Clean & Clear,74,2.2837837837837838
305,cetaphil.com,2021-08-10,23,778,Cetaphil,175,4.445714285714286
1052,neutrogena.com,2021-08-10,28,1682,Neutrogena,742,2.266846361185984
395,cetaphil.com,2021-08-11,12,790,Cetaphil,175,4.514285714285714
746,hellobubble.com,2021-08-11,20,655,Bubble,10,65.5
18,cerave.com,2021-08-11,79,2666,Cerave,189,14.105820105820106
1022,neutrogena.com,2021-08-11,31,1713,Neutrogena,742,2.3086253369272236
609,cleanandclear.com,2021-08-11,2,171,Clean & Clear,74,2.310810810810811
579,cleanandclear.com,2021-08-12,3,174,Clean & Clear,74,2.3513513513513513
867,hellobubble.com,2021-08-12,1,656,Bubble,10,65.6
370,cetaphil.com,2021-08-12,14,804,Cetaphil,175,4.594285714285714
45,cerave.com,2021-08-12,66,2732,Cerave,189,14.455026455026456
984,neutrogena.com,2021-08-12,37,1750,Neutrogena,742,2.358490566037736
415,cetaphil.com,2021-08-13,11,815,Cetaphil,175,4.6571428571428575
771,hellobubble.com,2021-08-13,6,662,Bubble,10,66.2
610,cleanandclear.com,2021-08-13,2,176,Clean & Clear,74,2.3783783783783785
971,neutrogena.com,2021-08-13,39,1789,Neutrogena,742,2.4110512129380055
70,cerave.com,2021-08-13,59,2791,Cerave,189,14.767195767195767
611,cleanandclear.com,2021-08-14,2,178,Clean & Clear,74,2.4054054054054053
1029,neutrogena.com,2021-08-14,30,1819,Neutrogena,742,2.4514824797843664
136,cerave.com,2021-08-14,46,2837,Cerave,189,15.010582010582011
816,hellobubble.com,2021-08-14,3,665,Bubble,10,66.5
461,cetaphil.com,2021-08-14,8,823,Cetaphil,175,4.702857142857143
817,hellobubble.com,2021-08-15,3,668,Bubble,10,66.8
511,cetaphil.com,2021-08-15,4,827,Cetaphil,175,4.725714285714286
1053,neutrogena.com,2021-08-15,28,1847,Neutrogena,742,2.48921832884097
580,cleanandclear.com,2021-08-15,3,181,Clean & Clear,74,2.445945945945946
108,cerave.com,2021-08-15,52,2889,Cerave,189,15.285714285714286
99,cerave.com,2021-08-16,53,2942,Cerave,189,15.566137566137566
759,hellobubble.com,2021-08-16,10,678,Bubble,10,67.8
565,cleanandclear.com,2021-08-16,4,185,Clean & Clear,74,2.5
994,neutrogena.com,2021-08-16,35,1882,Neutrogena,742,2.536388140161725
274,cetaphil.com,2021-08-16,44,871,Cetaphil,175,4.977142857142857
839,hellobubble.com,2021-08-17,2,680,Bubble,10,68.0
270,cetaphil.com,2021-08-17,54,925,Cetaphil,175,5.285714285714286
80,cerave.com,2021-08-17,57,2999,Cerave,189,15.867724867724867
671,cleanandclear.com,2021-08-17,1,186,Clean & Clear,74,2.5135135135135136
1075,neutrogena.com,2021-08-17,26,1908,Neutrogena,742,2.5714285714285716
612,cleanandclear.com,2021-08-18,2,188,Clean & Clear,74,2.5405405405405403
1023,neutrogena.com,2021-08-18,31,1939,Neutrogena,742,2.6132075471698113
272,cetaphil.com,2021-08-18,45,970,Cetaphil,175,5.542857142857143
798,hellobubble.com,2021-08-18,4,684,Bubble,10,68.4
40,cerave.com,2021-08-18,68,3067,Cerave,189,16.227513227513228
542,cleanandclear.com,2021-08-19,7,195,Clean & Clear,74,2.635135135135135
818,hellobubble.com,2021-08-19,3,687,Bubble,10,68.7
1146,neutrogena.com,2021-08-19,19,1958,Neutrogena,742,2.638814016172507
333,cetaphil.com,2021-08-19,18,988,Cetaphil,175,5.645714285714286
66,cerave.com,2021-08-19,61,3128,Cerave,189,16.55026455026455
416,cetaphil.com,2021-08-20,11,999,Cetaphil,175,5.708571428571428
581,cleanandclear.com,2021-08-20,3,198,Clean & Clear,74,2.675675675675676
1054,neutrogena.com,2021-08-20,28,1986,Neutrogena,742,2.6765498652291106
768,hellobubble.com,2021-08-20,7,694,Bubble,10,69.4
113,cerave.com,2021-08-20,51,3179,Cerave,189,16.82010582010582
1169,neutrogena.com,2021-08-21,14,2000,Neutrogena,742,2.6954177897574123
58,cerave.com,2021-08-21,63,3242,Cerave,189,17.15343915343915
355,cetaphil.com,2021-08-21,15,1014,Cetaphil,175,5.7942857142857145
868,hellobubble.com,2021-08-21,1,695,Bubble,10,69.5
1008,neutrogena.com,2021-08-22,33,2033,Neutrogena,742,2.7398921832884096
869,hellobubble.com,2021-08-22,1,696,Bubble,10,69.6
50,cerave.com,2021-08-22,65,3307,Cerave,189,17.497354497354497
538,cleanandclear.com,2021-08-22,8,206,Clean & Clear,74,2.7837837837837838
313,cetaphil.com,2021-08-22,21,1035,Cetaphil,175,5.914285714285715
1112,neutrogena.com,2021-08-23,23,2056,Neutrogena,742,2.77088948787062
307,cetaphil.com,2021-08-23,22,1057,Cetaphil,175,6.04
870,hellobubble.com,2021-08-23,1,697,Bubble,10,69.7
161,cerave.com,2021-08-23,41,3348,Cerave,189,17.714285714285715
553,cleanandclear.com,2021-08-23,5,211,Clean & Clear,74,2.8513513513513513
115,cerave.com,2021-08-24,50,3398,Cerave,189,17.978835978835978
1037,neutrogena.com,2021-08-24,29,2085,Neutrogena,742,2.8099730458221024
308,cetaphil.com,2021-08-24,22,1079,Cetaphil,175,6.1657142857142855
547,cleanandclear.com,2021-08-24,6,217,Clean & Clear,74,2.9324324324324325
871,hellobubble.com,2021-08-24,1,698,Bubble,10,69.8
819,hellobubble.com,2021-08-25,3,701,Bubble,10,70.1
1038,neutrogena.com,2021-08-25,29,2114,Neutrogena,742,2.849056603773585
548,cleanandclear.com,2021-08-25,6,223,Clean & Clear,74,3.0135135135135136
81,cerave.com,2021-08-25,57,3455,Cerave,189,18.280423280423282
334,cetaphil.com,2021-08-25,18,1097,Cetaphil,175,6.268571428571429
100,cerave.com,2021-08-26,53,3508,Cerave,189,18.56084656084656
335,cetaphil.com,2021-08-26,18,1115,Cetaphil,175,6.371428571428571
613,cleanandclear.com,2021-08-26,2,225,Clean & Clear,74,3.0405405405405403
1039,neutrogena.com,2021-08-26,29,2143,Neutrogena,742,2.8881401617250675
753,hellobubble.com,2021-08-26,15,716,Bubble,10,71.6
840,hellobubble.com,2021-08-27,2,718,Bubble,10,71.8
1024,neutrogena.com,2021-08-27,31,2174,Neutrogena,742,2.929919137466307
371,cetaphil.com,2021-08-27,14,1129,Cetaphil,175,6.451428571428571
554,cleanandclear.com,2021-08-27,5,230,Clean & Clear,74,3.108108108108108
75,cerave.com,2021-08-27,58,3566,Cerave,189,18.867724867724867
769,hellobubble.com,2021-08-28,7,725,Bubble,10,72.5
1055,neutrogena.com,2021-08-28,28,2202,Neutrogena,742,2.967654986522911
396,cetaphil.com,2021-08-28,12,1141,Cetaphil,175,6.52
130,cerave.com,2021-08-28,47,3613,Cerave,189,19.116402116402117
582,cleanandclear.com,2021-08-28,3,233,Clean & Clear,74,3.1486486486486487
162,cerave.com,2021-08-29,41,3654,Cerave,189,19.333333333333332
1122,neutrogena.com,2021-08-29,22,2224,Neutrogena,742,2.9973045822102424
672,cleanandclear.com,2021-08-29,1,234,Clean & Clear,74,3.1621621621621623
417,cetaphil.com,2021-08-29,11,1152,Cetaphil,175,6.582857142857143
356,cetaphil.com,2021-08-30,15,1167,Cetaphil,175,6.668571428571428
766,hellobubble.com,2021-08-30,9,734,Bubble,10,73.4
673,cleanandclear.com,2021-08-30,1,235,Clean & Clear,74,3.175675675675676
173,cerave.com,2021-08-30,40,3694,Cerave,189,19.544973544973544
1084,neutrogena.com,2021-08-30,25,2249,Neutrogena,742,3.0309973045822103
555,cleanandclear.com,2021-08-31,5,240,Clean & Clear,74,3.2432432432432434
278,cetaphil.com,2021-08-31,35,1202,Cetaphil,175,6.868571428571428
1064,neutrogena.com,2021-08-31,27,2276,Neutrogena,742,3.0673854447439353
88,cerave.com,2021-08-31,56,3750,Cerave,189,19.841269841269842
760,hellobubble.com,2021-08-31,10,744,Bubble,10,74.4
1140,neutrogena.com,2021-09-01,20,2296,Neutrogena,742,3.0943396226415096
184,cerave.com,2021-09-01,38,3788,Cerave,189,20.04232804232804
283,cetaphil.com,2021-09-01,31,1233,Cetaphil,175,7.045714285714285
761,hellobubble.com,2021-09-01,10,754,Bubble,10,75.4
674,cleanandclear.com,2021-09-01,1,241,Clean & Clear,74,3.2567567567567566
340,cetaphil.com,2021-09-02,17,1250,Cetaphil,175,7.142857142857143
1098,neutrogena.com,2021-09-02,24,2320,Neutrogena,742,3.1266846361185983
675,cleanandclear.com,2021-09-02,1,242,Clean & Clear,74,3.27027027027027
137,cerave.com,2021-09-02,46,3834,Cerave,189,20.285714285714285
785,hellobubble.com,2021-09-02,5,759,Bubble,10,75.9
351,cetaphil.com,2021-09-03,16,1266,Cetaphil,175,7.234285714285714
156,cerave.com,2021-09-03,42,3876,Cerave,189,20.50793650793651
1016,neutrogena.com,2021-09-03,32,2352,Neutrogena,742,3.169811320754717
676,cleanandclear.com,2021-09-03,1,243,Clean & Clear,74,3.2837837837837838
872,hellobubble.com,2021-09-03,1,760,Bubble,10,76.0
157,cerave.com,2021-09-04,42,3918,Cerave,189,20.73015873015873
614,cleanandclear.com,2021-09-04,2,245,Clean & Clear,74,3.310810810810811
873,hellobubble.com,2021-09-04,1,761,Bubble,10,76.1
1123,neutrogena.com,2021-09-04,22,2374,Neutrogena,742,3.1994609164420487
325,cetaphil.com,2021-09-04,19,1285,Cetaphil,175,7.3428571428571425
295,cetaphil.com,2021-09-05,25,1310,Cetaphil,175,7.485714285714286
799,hellobubble.com,2021-09-05,4,765,Bubble,10,76.5
1085,neutrogena.com,2021-09-05,25,2399,Neutrogena,742,3.233153638814016
615,cleanandclear.com,2021-09-05,2,247,Clean & Clear,74,3.3378378378378377
163,cerave.com,2021-09-05,41,3959,Cerave,189,20.947089947089946
306,cetaphil.com,2021-09-06,23,1333,Cetaphil,175,7.617142857142857
677,cleanandclear.com,2021-09-06,1,248,Clean & Clear,74,3.3513513513513513
1113,neutrogena.com,2021-09-06,23,2422,Neutrogena,742,3.2641509433962264
30,cerave.com,2021-09-06,72,4031,Cerave,189,21.32804232804233
841,hellobubble.com,2021-09-06,2,767,Bubble,10,76.7
772,hellobubble.com,2021-09-07,6,773,Bubble,10,77.3
122,cerave.com,2021-09-07,48,4079,Cerave,189,21.582010582010582
1147,neutrogena.com,2021-09-07,19,2441,Neutrogena,742,3.289757412398922
616,cleanandclear.com,2021-09-07,2,250,Clean & Clear,74,3.3783783783783785
290,cetaphil.com,2021-09-07,27,1360,Cetaphil,175,7.771428571428571
989,neutrogena.com,2021-09-08,36,2477,Neutrogena,742,3.338274932614555
89,cerave.com,2021-09-08,56,4135,Cerave,189,21.87830687830688
583,cleanandclear.com,2021-09-08,3,253,Clean & Clear,74,3.418918918918919
773,hellobubble.com,2021-09-08,6,779,Bubble,10,77.9
298,cetaphil.com,2021-09-08,24,1384,Cetaphil,175,7.908571428571428
566,cleanandclear.com,2021-09-09,4,257,Clean & Clear,74,3.472972972972973
82,cerave.com,2021-09-09,57,4192,Cerave,189,22.17989417989418
767,hellobubble.com,2021-09-09,8,787,Bubble,10,78.7
1099,neutrogena.com,2021-09-09,24,2501,Neutrogena,742,3.370619946091644
326,cetaphil.com,2021-09-09,19,1403,Cetaphil,175,8.017142857142858
617,cleanandclear.com,2021-09-10,2,259,Clean & Clear,74,3.5
820,hellobubble.com,2021-09-10,3,790,Bubble,10,79.0
1160,neutrogena.com,2021-09-10,15,2516,Neutrogena,742,3.3908355795148246
138,cerave.com,2021-09-10,46,4238,Cerave,189,22.423280423280424
341,cetaphil.com,2021-09-10,17,1420,Cetaphil,175,8.114285714285714
842,hellobubble.com,2021-09-11,2,792,Bubble,10,79.2
584,cleanandclear.com,2021-09-11,3,262,Clean & Clear,74,3.5405405405405403
1076,neutrogena.com,2021-09-11,26,2542,Neutrogena,742,3.4258760107816713
143,cerave.com,2021-09-11,45,4283,Cerave,189,22.66137566137566
342,cetaphil.com,2021-09-11,17,1437,Cetaphil,175,8.211428571428572
287,cetaphil.com,2021-09-12,29,1466,Cetaphil,175,8.377142857142857
1148,neutrogena.com,2021-09-12,19,2561,Neutrogena,742,3.4514824797843664
843,hellobubble.com,2021-09-12,2,794,Bubble,10,79.4
123,cerave.com,2021-09-12,48,4331,Cerave,189,22.915343915343914
556,cleanandclear.com,2021-09-12,5,267,Clean & Clear,74,3.608108108108108
844,hellobubble.com,2021-09-13,2,796,Bubble,10,79.6
618,cleanandclear.com,2021-09-13,2,269,Clean & Clear,74,3.635135135135135
327,cetaphil.com,2021-09-13,19,1485,Cetaphil,175,8.485714285714286
1156,neutrogena.com,2021-09-13,17,2578,Neutrogena,742,3.4743935309973044
131,cerave.com,2021-09-13,47,4378,Cerave,189,23.164021164021165
762,hellobubble.com,2021-09-14,10,806,Bubble,10,80.6
281,cetaphil.com,2021-09-14,32,1517,Cetaphil,175,8.668571428571429
1040,neutrogena.com,2021-09-14,29,2607,Neutrogena,742,3.513477088948787
101,cerave.com,2021-09-14,53,4431,Cerave,189,23.444444444444443
567,cleanandclear.com,2021-09-14,4,273,Clean & Clear,74,3.689189189189189
619,cleanandclear.com,2021-09-15,2,275,Clean & Clear,74,3.7162162162162162
800,hellobubble.com,2021-09-15,4,810,Bubble,10,81.0
1056,neutrogena.com,2021-09-15,28,2635,Neutrogena,742,3.5512129380053907
269,cetaphil.com,2021-09-15,55,1572,Cetaphil,175,8.982857142857142
102,cerave.com,2021-09-15,53,4484,Cerave,189,23.724867724867725
1174,neutrogena.com,2021-09-16,12,2647,Neutrogena,742,3.5673854447439353
277,cetaphil.com,2021-09-16,36,1608,Cetaphil,175,9.188571428571429
35,cerave.com,2021-09-16,69,4553,Cerave,189,24.08994708994709
874,hellobubble.com,2021-09-16,1,811,Bubble,10,81.1
146,cerave.com,2021-09-17,44,4597,Cerave,189,24.322751322751323
284,cetaphil.com,2021-09-17,31,1639,Cetaphil,175,9.365714285714287
1086,neutrogena.com,2021-09-17,25,2672,Neutrogena,742,3.601078167115903
875,hellobubble.com,2021-09-17,1,812,Bubble,10,81.2
620,cleanandclear.com,2021-09-18,2,277,Clean & Clear,74,3.7432432432432434
372,cetaphil.com,2021-09-18,14,1653,Cetaphil,175,9.445714285714285
876,hellobubble.com,2021-09-18,1,813,Bubble,10,81.3
124,cerave.com,2021-09-18,48,4645,Cerave,189,24.576719576719576
1157,neutrogena.com,2021-09-18,17,2689,Neutrogena,742,3.623989218328841
316,cetaphil.com,2021-09-19,20,1673,Cetaphil,175,9.56
877,hellobubble.com,2021-09-19,1,814,Bubble,10,81.4
1161,neutrogena.com,2021-09-19,15,2704,Neutrogena,742,3.6442048517520216
164,cerave.com,2021-09-19,41,4686,Cerave,189,24.793650793650794
180,cerave.com,2021-09-20,39,4725,Cerave,189,25.0
878,hellobubble.com,2021-09-20,1,815,Bubble,10,81.5
1087,neutrogena.com,2021-09-20,25,2729,Neutrogena,742,3.6778975741239894
678,cleanandclear.com,2021-09-20,1,278,Clean & Clear,74,3.7567567567567566
397,cetaphil.com,2021-09-20,12,1685,Cetaphil,175,9.628571428571428
1100,neutrogena.com,2021-09-21,24,2753,Neutrogena,742,3.710242587601078
568,cleanandclear.com,2021-09-21,4,282,Clean & Clear,74,3.810810810810811
90,cerave.com,2021-09-21,56,4781,Cerave,189,25.296296296296298
285,cetaphil.com,2021-09-21,31,1716,Cetaphil,175,9.805714285714286
786,hellobubble.com,2021-09-21,5,820,Bubble,10,82.0
1009,neutrogena.com,2021-09-22,33,2786,Neutrogena,742,3.7547169811320753
679,cleanandclear.com,2021-09-22,1,283,Clean & Clear,74,3.824324324324324
317,cetaphil.com,2021-09-22,20,1736,Cetaphil,175,9.92
125,cerave.com,2021-09-22,48,4829,Cerave,189,25.55026455026455
289,cetaphil.com,2021-09-23,28,1764,Cetaphil,175,10.08
821,hellobubble.com,2021-09-23,3,823,Bubble,10,82.3
185,cerave.com,2021-09-23,38,4867,Cerave,189,25.75132275132275
1077,neutrogena.com,2021-09-23,26,2812,Neutrogena,742,3.789757412398922
373,cetaphil.com,2021-09-24,14,1778,Cetaphil,175,10.16
680,cleanandclear.com,2021-09-24,1,284,Clean & Clear,74,3.8378378378378377
132,cerave.com,2021-09-24,47,4914,Cerave,189,26.0
1159,neutrogena.com,2021-09-24,16,2828,Neutrogena,742,3.811320754716981
217,cerave.com,2021-09-25,31,4945,Cerave,189,26.164021164021165
1133,neutrogena.com,2021-09-25,21,2849,Neutrogena,742,3.839622641509434
621,cleanandclear.com,2021-09-25,2,286,Clean & Clear,74,3.864864864864865
398,cetaphil.com,2021-09-25,12,1790,Cetaphil,175,10.228571428571428
681,cleanandclear.com,2021-09-26,1,287,Clean & Clear,74,3.8783783783783785
1057,neutrogena.com,2021-09-26,28,2877,Neutrogena,742,3.8773584905660377
318,cetaphil.com,2021-09-26,20,1810,Cetaphil,175,10.342857142857143
879,hellobubble.com,2021-09-26,1,824,Bubble,10,82.4
189,cerave.com,2021-09-26,37,4982,Cerave,189,26.35978835978836
254,cerave.com,2021-09-27,19,5001,Cerave,189,26.46031746031746
309,cetaphil.com,2021-09-27,22,1832,Cetaphil,175,10.468571428571428
1025,neutrogena.com,2021-09-27,31,2908,Neutrogena,742,3.9191374663072778
682,cleanandclear.com,2021-09-27,1,288,Clean & Clear,74,3.891891891891892
756,hellobubble.com,2021-09-28,14,838,Bubble,10,83.8
622,cleanandclear.com,2021-09-28,2,290,Clean & Clear,74,3.918918918918919
1041,neutrogena.com,2021-09-28,29,2937,Neutrogena,742,3.9582210242587603
190,cerave.com,2021-09-28,37,5038,Cerave,189,26.656084656084655
276,cetaphil.com,2021-09-28,37,1869,Cetaphil,175,10.68
801,hellobubble.com,2021-09-29,4,842,Bubble,10,84.2
1017,neutrogena.com,2021-09-29,32,2969,Neutrogena,742,4.001347708894879
208,cerave.com,2021-09-29,33,5071,Cerave,189,26.83068783068783
275,cetaphil.com,2021-09-29,43,1912,Cetaphil,175,10.925714285714285
158,cerave.com,2021-09-30,42,5113,Cerave,189,27.052910052910054
1042,neutrogena.com,2021-09-30,29,2998,Neutrogena,742,4.040431266846361
286,cetaphil.com,2021-09-30,31,1943,Cetaphil,175,11.102857142857143
1101,neutrogena.com,2021-10-01,24,3022,Neutrogena,742,4.07277628032345
880,hellobubble.com,2021-10-01,1,843,Bubble,10,84.3
202,cerave.com,2021-10-01,35,5148,Cerave,189,27.238095238095237
683,cleanandclear.com,2021-10-01,1,291,Clean & Clear,74,3.9324324324324325
296,cetaphil.com,2021-10-01,25,1968,Cetaphil,175,11.245714285714286
1114,neutrogena.com,2021-10-02,23,3045,Neutrogena,742,4.10377358490566
232,cerave.com,2021-10-02,27,5175,Cerave,189,27.38095238095238
328,cetaphil.com,2021-10-02,19,1987,Cetaphil,175,11.354285714285714
623,cleanandclear.com,2021-10-02,2,293,Clean & Clear,74,3.9594594594594597
314,cetaphil.com,2021-10-03,21,2008,Cetaphil,175,11.474285714285715
624,cleanandclear.com,2021-10-03,2,295,Clean & Clear,74,3.9864864864864864
209,cerave.com,2021-10-03,33,5208,Cerave,189,27.555555555555557
1134,neutrogena.com,2021-10-03,21,3066,Neutrogena,742,4.132075471698113
1170,neutrogena.com,2021-10-04,14,3080,Neutrogena,742,4.150943396226415
802,hellobubble.com,2021-10-04,4,847,Bubble,10,84.7
319,cetaphil.com,2021-10-04,20,2028,Cetaphil,175,11.588571428571429
625,cleanandclear.com,2021-10-04,2,297,Clean & Clear,74,4.013513513513513
133,cerave.com,2021-10-04,47,5255,Cerave,189,27.804232804232804
191,cerave.com,2021-10-05,37,5292,Cerave,189,28.0
280,cetaphil.com,2021-10-05,33,2061,Cetaphil,175,11.777142857142858
881,hellobubble.com,2021-10-05,1,848,Bubble,10,84.8
684,cleanandclear.com,2021-10-05,1,298,Clean & Clear,74,4.027027027027027
1088,neutrogena.com,2021-10-05,25,3105,Neutrogena,742,4.184636118598383
845,hellobubble.com,2021-10-06,2,850,Bubble,10,85.0
228,cerave.com,2021-10-06,28,5320,Cerave,189,28.14814814814815
292,cetaphil.com,2021-10-06,26,2087,Cetaphil,175,11.925714285714285
953,neutrogena.com,2021-10-06,44,3149,Neutrogena,742,4.243935309973046
293,cetaphil.com,2021-10-07,26,2113,Cetaphil,175,12.074285714285715
882,hellobubble.com,2021-10-07,1,851,Bubble,10,85.1
976,neutrogena.com,2021-10-07,38,3187,Neutrogena,742,4.295148247978437
192,cerave.com,2021-10-07,37,5357,Cerave,189,28.343915343915345
685,cleanandclear.com,2021-10-07,1,299,Clean & Clear,74,4.04054054054054
418,cetaphil.com,2021-10-08,11,2124,Cetaphil,175,12.137142857142857
147,cerave.com,2021-10-08,44,5401,Cerave,189,28.576719576719576
1135,neutrogena.com,2021-10-08,21,3208,Neutrogena,742,4.32345013477089
1141,neutrogena.com,2021-10-09,20,3228,Neutrogena,742,4.350404312668464
883,hellobubble.com,2021-10-09,1,852,Bubble,10,85.2
203,cerave.com,2021-10-09,35,5436,Cerave,189,28.761904761904763
357,cetaphil.com,2021-10-09,15,2139,Cetaphil,175,12.222857142857142
385,cetaphil.com,2021-10-10,13,2152,Cetaphil,175,12.297142857142857
1065,neutrogena.com,2021-10-10,27,3255,Neutrogena,742,4.386792452830188
152,cerave.com,2021-10-10,43,5479,Cerave,189,28.98941798941799
787,hellobubble.com,2021-10-10,5,857,Bubble,10,85.7
884,hellobubble.com,2021-10-11,1,858,Bubble,10,85.8
193,cerave.com,2021-10-11,37,5516,Cerave,189,29.185185185185187
1124,neutrogena.com,2021-10-11,22,3277,Neutrogena,742,4.416442048517521
299,cetaphil.com,2021-10-11,24,2176,Cetaphil,175,12.434285714285714
626,cleanandclear.com,2021-10-11,2,301,Clean & Clear,74,4.0675675675675675
686,cleanandclear.com,2021-10-12,1,302,Clean & Clear,74,4.081081081081081
210,cerave.com,2021-10-12,33,5549,Cerave,189,29.35978835978836
885,hellobubble.com,2021-10-12,1,859,Bubble,10,85.9
358,cetaphil.com,2021-10-12,15,2191,Cetaphil,175,12.52
1018,neutrogena.com,2021-10-12,32,3309,Neutrogena,742,4.459568733153639
886,hellobubble.com,2021-10-13,1,860,Bubble,10,86.0
233,cerave.com,2021-10-13,27,5576,Cerave,189,29.502645502645503
1026,neutrogena.com,2021-10-13,31,3340,Neutrogena,742,4.501347708894879
386,cetaphil.com,2021-10-13,13,2204,Cetaphil,175,12.594285714285714
687,cleanandclear.com,2021-10-13,1,303,Clean & Clear,74,4.094594594594595
310,cetaphil.com,2021-10-14,22,2226,Cetaphil,175,12.72
218,cerave.com,2021-10-14,31,5607,Cerave,189,29.666666666666668
1066,neutrogena.com,2021-10-14,27,3367,Neutrogena,742,4.537735849056604
887,hellobubble.com,2021-10-14,1,861,Bubble,10,86.1
846,hellobubble.com,2021-10-15,2,863,Bubble,10,86.3
627,cleanandclear.com,2021-10-15,2,305,Clean & Clear,74,4.121621621621622
343,cetaphil.com,2021-10-15,17,2243,Cetaphil,175,12.817142857142857
1173,neutrogena.com,2021-10-15,13,3380,Neutrogena,742,4.555256064690027
219,cerave.com,2021-10-15,31,5638,Cerave,189,29.83068783068783
803,hellobubble.com,2021-10-16,4,867,Bubble,10,86.7
1149,neutrogena.com,2021-10-16,19,3399,Neutrogena,742,4.580862533692723
359,cetaphil.com,2021-10-16,15,2258,Cetaphil,175,12.902857142857142
628,cleanandclear.com,2021-10-16,2,307,Clean & Clear,74,4.148648648648648
126,cerave.com,2021-10-16,48,5686,Cerave,189,30.084656084656086
1102,neutrogena.com,2021-10-17,24,3423,Neutrogena,742,4.613207547169812
688,cleanandclear.com,2021-10-17,1,308,Clean & Clear,74,4.162162162162162
344,cetaphil.com,2021-10-17,17,2275,Cetaphil,175,13.0
220,cerave.com,2021-10-17,31,5717,Cerave,189,30.24867724867725
419,cetaphil.com,2021-10-18,11,2286,Cetaphil,175,13.062857142857142
689,cleanandclear.com,2021-10-18,1,309,Clean & Clear,74,4.175675675675675
139,cerave.com,2021-10-18,46,5763,Cerave,189,30.49206349206349
972,neutrogena.com,2021-10-18,39,3462,Neutrogena,742,4.665768194070081
888,hellobubble.com,2021-10-18,1,868,Bubble,10,86.8
462,cetaphil.com,2021-10-19,8,2294,Cetaphil,175,13.108571428571429
774,hellobubble.com,2021-10-19,6,874,Bubble,10,87.4
194,cerave.com,2021-10-19,37,5800,Cerave,189,30.687830687830687
629,cleanandclear.com,2021-10-19,2,311,Clean & Clear,74,4.202702702702703
957,neutrogena.com,2021-10-19,43,3505,Neutrogena,742,4.723719676549865
690,cleanandclear.com,2021-10-20,1,312,Clean & Clear,74,4.216216216216216
822,hellobubble.com,2021-10-20,3,877,Bubble,10,87.7
195,cerave.com,2021-10-20,37,5837,Cerave,189,30.883597883597883
985,neutrogena.com,2021-10-20,37,3542,Neutrogena,742,4.773584905660377
374,cetaphil.com,2021-10-20,14,2308,Cetaphil,175,13.188571428571429
630,cleanandclear.com,2021-10-21,2,314,Clean & Clear,74,4.243243243243243
387,cetaphil.com,2021-10-21,13,2321,Cetaphil,175,13.262857142857143
977,neutrogena.com,2021-10-21,38,3580,Neutrogena,742,4.824797843665769
234,cerave.com,2021-10-21,27,5864,Cerave,189,31.026455026455025
847,hellobubble.com,2021-10-22,2,879,Bubble,10,87.9
1136,neutrogena.com,2021-10-22,21,3601,Neutrogena,742,4.853099730458221
631,cleanandclear.com,2021-10-22,2,316,Clean & Clear,74,4.27027027027027
205,cerave.com,2021-10-22,34,5898,Cerave,189,31.206349206349206
483,cetaphil.com,2021-10-22,7,2328,Cetaphil,175,13.302857142857142
484,cetaphil.com,2021-10-23,7,2335,Cetaphil,175,13.342857142857143
569,cleanandclear.com,2021-10-23,4,320,Clean & Clear,74,4.324324324324325
951,neutrogena.com,2021-10-23,45,3646,Neutrogena,742,4.913746630727763
889,hellobubble.com,2021-10-23,1,880,Bubble,10,88.0
215,cerave.com,2021-10-23,32,5930,Cerave,189,31.375661375661377
196,cerave.com,2021-10-24,37,5967,Cerave,189,31.571428571428573
506,cetaphil.com,2021-10-24,5,2340,Cetaphil,175,13.371428571428572
1043,neutrogena.com,2021-10-24,29,3675,Neutrogena,742,4.952830188679245
890,hellobubble.com,2021-10-24,1,881,Bubble,10,88.1
804,hellobubble.com,2021-10-25,4,885,Bubble,10,88.5
967,neutrogena.com,2021-10-25,40,3715,Neutrogena,742,5.006738544474394
463,cetaphil.com,2021-10-25,8,2348,Cetaphil,175,13.417142857142856
114,cerave.com,2021-10-25,51,6018,Cerave,189,31.841269841269842
585,cleanandclear.com,2021-10-25,3,323,Clean & Clear,74,4.364864864864865
116,cerave.com,2021-10-26,50,6068,Cerave,189,32.10582010582011
485,cetaphil.com,2021-10-26,7,2355,Cetaphil,175,13.457142857142857
931,neutrogena.com,2021-10-26,58,3773,Neutrogena,742,5.084905660377358
848,hellobubble.com,2021-10-26,2,887,Bubble,10,88.7
464,cetaphil.com,2021-10-27,8,2363,Cetaphil,175,13.502857142857144
891,hellobubble.com,2021-10-27,1,888,Bubble,10,88.8
226,cerave.com,2021-10-27,29,6097,Cerave,189,32.25925925925926
978,neutrogena.com,2021-10-27,38,3811,Neutrogena,742,5.136118598382749
235,cerave.com,2021-10-28,27,6124,Cerave,189,32.402116402116405
1078,neutrogena.com,2021-10-28,26,3837,Neutrogena,742,5.171159029649596
360,cetaphil.com,2021-10-28,15,2378,Cetaphil,175,13.588571428571429
849,hellobubble.com,2021-10-28,2,890,Bubble,10,89.0
444,cetaphil.com,2021-10-29,9,2387,Cetaphil,175,13.64
229,cerave.com,2021-10-29,28,6152,Cerave,189,32.55026455026455
892,hellobubble.com,2021-10-29,1,891,Bubble,10,89.1
632,cleanandclear.com,2021-10-29,2,325,Clean & Clear,74,4.391891891891892
927,neutrogena.com,2021-10-29,65,3902,Neutrogena,742,5.258760107816712
805,hellobubble.com,2021-10-30,4,895,Bubble,10,89.5
691,cleanandclear.com,2021-10-30,1,326,Clean & Clear,74,4.405405405405405
375,cetaphil.com,2021-10-30,14,2401,Cetaphil,175,13.72
127,cerave.com,2021-10-30,48,6200,Cerave,189,32.804232804232804
942,neutrogena.com,2021-10-30,48,3950,Neutrogena,742,5.32345013477089
498,cetaphil.com,2021-10-31,6,2407,Cetaphil,175,13.754285714285714
242,cerave.com,2021-10-31,25,6225,Cerave,189,32.93650793650794
850,hellobubble.com,2021-10-31,2,897,Bubble,10,89.7
1027,neutrogena.com,2021-10-31,31,3981,Neutrogena,742,5.3652291105121295
227,cerave.com,2021-11-01,29,6254,Cerave,189,33.08994708994709
954,neutrogena.com,2021-11-01,44,4025,Neutrogena,742,5.4245283018867925
893,hellobubble.com,2021-11-01,1,898,Bubble,10,89.8
465,cetaphil.com,2021-11-01,8,2415,Cetaphil,175,13.8
961,neutrogena.com,2021-11-02,42,4067,Neutrogena,742,5.481132075471698
223,cerave.com,2021-11-02,30,6284,Cerave,189,33.24867724867725
894,hellobubble.com,2021-11-02,1,899,Bubble,10,89.9
420,cetaphil.com,2021-11-02,11,2426,Cetaphil,175,13.862857142857143
243,cerave.com,2021-11-03,25,6309,Cerave,189,33.38095238095238
958,neutrogena.com,2021-11-03,43,4110,Neutrogena,742,5.539083557951482
499,cetaphil.com,2021-11-03,6,2432,Cetaphil,175,13.897142857142857
165,cerave.com,2021-11-04,41,6350,Cerave,189,33.597883597883595
936,neutrogena.com,2021-11-04,52,4162,Neutrogena,742,5.609164420485175
526,cetaphil.com,2021-11-04,2,2434,Cetaphil,175,13.90857142857143
851,hellobubble.com,2021-11-04,2,901,Bubble,10,90.1
806,hellobubble.com,2021-11-05,4,905,Bubble,10,90.5
500,cetaphil.com,2021-11-05,6,2440,Cetaphil,175,13.942857142857143
692,cleanandclear.com,2021-11-05,1,327,Clean & Clear,74,4.418918918918919
251,cerave.com,2021-11-05,21,6371,Cerave,189,33.70899470899471
990,neutrogena.com,2021-11-05,36,4198,Neutrogena,742,5.657681940700809
633,cleanandclear.com,2021-11-06,2,329,Clean & Clear,74,4.445945945945946
968,neutrogena.com,2021-11-06,40,4238,Neutrogena,742,5.711590296495957
852,hellobubble.com,2021-11-06,2,907,Bubble,10,90.7
221,cerave.com,2021-11-06,31,6402,Cerave,189,33.87301587301587
519,cetaphil.com,2021-11-06,3,2443,Cetaphil,175,13.96
895,hellobubble.com,2021-11-07,1,908,Bubble,10,90.8
1044,neutrogena.com,2021-11-07,29,4267,Neutrogena,742,5.750673854447439
486,cetaphil.com,2021-11-07,7,2450,Cetaphil,175,14.0
159,cerave.com,2021-11-07,42,6444,Cerave,189,34.095238095238095
216,cerave.com,2021-11-08,32,6476,Cerave,189,34.264550264550266
433,cetaphil.com,2021-11-08,10,2460,Cetaphil,175,14.057142857142857
962,neutrogena.com,2021-11-08,42,4309,Neutrogena,742,5.807277628032345
788,hellobubble.com,2021-11-08,5,913,Bubble,10,91.3
376,cetaphil.com,2021-11-09,14,2474,Cetaphil,175,14.137142857142857
937,neutrogena.com,2021-11-09,51,4360,Neutrogena,742,5.876010781671159
134,cerave.com,2021-11-09,47,6523,Cerave,189,34.51322751322751
823,hellobubble.com,2021-11-09,3,916,Bubble,10,91.6
174,cerave.com,2021-11-10,40,6563,Cerave,189,34.72486772486773
1137,neutrogena.com,2021-11-10,21,4381,Neutrogena,742,5.904312668463612
399,cetaphil.com,2021-11-10,12,2486,Cetaphil,175,14.205714285714286
824,hellobubble.com,2021-11-10,3,919,Bubble,10,91.9
945,neutrogena.com,2021-11-11,47,4428,Neutrogena,742,5.967654986522911
421,cetaphil.com,2021-11-11,11,2497,Cetaphil,175,14.268571428571429
693,cleanandclear.com,2021-11-11,1,330,Clean & Clear,74,4.45945945945946
896,hellobubble.com,2021-11-11,1,920,Bubble,10,92.0
128,cerave.com,2021-11-11,48,6611,Cerave,189,34.97883597883598
501,cetaphil.com,2021-11-12,6,2503,Cetaphil,175,14.302857142857142
694,cleanandclear.com,2021-11-12,1,331,Clean & Clear,74,4.472972972972973
938,neutrogena.com,2021-11-12,50,4478,Neutrogena,742,6.035040431266847
204,cerave.com,2021-11-12,35,6646,Cerave,189,35.164021164021165
434,cetaphil.com,2021-11-13,10,2513,Cetaphil,175,14.36
853,hellobubble.com,2021-11-13,2,922,Bubble,10,92.2
995,neutrogena.com,2021-11-13,35,4513,Neutrogena,742,6.0822102425876015
175,cerave.com,2021-11-13,40,6686,Cerave,189,35.37566137566137
789,hellobubble.com,2021-11-14,5,927,Bubble,10,92.7
695,cleanandclear.com,2021-11-14,1,332,Clean & Clear,74,4.486486486486487
973,neutrogena.com,2021-11-14,39,4552,Neutrogena,742,6.1347708894878705
244,cerave.com,2021-11-14,25,6711,Cerave,189,35.507936507936506
400,cetaphil.com,2021-11-14,12,2525,Cetaphil,175,14.428571428571429
696,cleanandclear.com,2021-11-15,1,333,Clean & Clear,74,4.5
224,cerave.com,2021-11-15,30,6741,Cerave,189,35.666666666666664
897,hellobubble.com,2021-11-15,1,928,Bubble,10,92.8
1010,neutrogena.com,2021-11-15,33,4585,Neutrogena,742,6.179245283018868
401,cetaphil.com,2021-11-15,12,2537,Cetaphil,175,14.497142857142856
1067,neutrogena.com,2021-11-16,27,4612,Neutrogena,742,6.215633423180593
697,cleanandclear.com,2021-11-16,1,334,Clean & Clear,74,4.513513513513513
435,cetaphil.com,2021-11-16,10,2547,Cetaphil,175,14.554285714285715
197,cerave.com,2021-11-16,37,6778,Cerave,189,35.86243386243386
512,cetaphil.com,2021-11-17,4,2551,Cetaphil,175,14.577142857142857
825,hellobubble.com,2021-11-17,3,931,Bubble,10,93.1
1115,neutrogena.com,2021-11-17,23,4635,Neutrogena,742,6.2466307277628035
249,cerave.com,2021-11-17,23,6801,Cerave,189,35.98412698412698
225,cerave.com,2021-11-18,30,6831,Cerave,189,36.142857142857146
898,hellobubble.com,2021-11-18,1,932,Bubble,10,93.2
1103,neutrogena.com,2021-11-18,24,4659,Neutrogena,742,6.2789757412398925
402,cetaphil.com,2021-11-18,12,2563,Cetaphil,175,14.645714285714286
634,cleanandclear.com,2021-11-18,2,336,Clean & Clear,74,4.54054054054054
586,cleanandclear.com,2021-11-19,3,339,Clean & Clear,74,4.581081081081081
236,cerave.com,2021-11-19,27,6858,Cerave,189,36.285714285714285
1142,neutrogena.com,2021-11-19,20,4679,Neutrogena,742,6.3059299191374665
445,cetaphil.com,2021-11-19,9,2572,Cetaphil,175,14.697142857142858
487,cetaphil.com,2021-11-20,7,2579,Cetaphil,175,14.737142857142857
1171,neutrogena.com,2021-11-20,14,4693,Neutrogena,742,6.324797843665769
635,cleanandclear.com,2021-11-20,2,341,Clean & Clear,74,4.608108108108108
237,cerave.com,2021-11-20,27,6885,Cerave,189,36.42857142857143
206,cerave.com,2021-11-21,34,6919,Cerave,189,36.60846560846561
446,cetaphil.com,2021-11-21,9,2588,Cetaphil,175,14.788571428571428
1116,neutrogena.com,2021-11-21,23,4716,Neutrogena,742,6.355795148247979
447,cetaphil.com,2021-11-22,9,2597,Cetaphil,175,14.84
636,cleanandclear.com,2021-11-22,2,343,Clean & Clear,74,4.635135135135135
245,cerave.com,2021-11-22,25,6944,Cerave,189,36.74074074074074
996,neutrogena.com,2021-11-22,35,4751,Neutrogena,742,6.402964959568733
854,hellobubble.com,2021-11-22,2,934,Bubble,10,93.4
698,cleanandclear.com,2021-11-23,1,344,Clean & Clear,74,4.648648648648648
1117,neutrogena.com,2021-11-23,23,4774,Neutrogena,742,6.433962264150943
899,hellobubble.com,2021-11-23,1,935,Bubble,10,93.5
466,cetaphil.com,2021-11-23,8,2605,Cetaphil,175,14.885714285714286
211,cerave.com,2021-11-23,33,6977,Cerave,189,36.91534391534392
1143,neutrogena.com,2021-11-24,20,4794,Neutrogena,742,6.460916442048518
900,hellobubble.com,2021-11-24,1,936,Bubble,10,93.6
587,cleanandclear.com,2021-11-24,3,347,Clean & Clear,74,4.6891891891891895
388,cetaphil.com,2021-11-24,13,2618,Cetaphil,175,14.96
103,cerave.com,2021-11-24,53,7030,Cerave,189,37.195767195767196
855,hellobubble.com,2021-11-25,2,938,Bubble,10,93.8
488,cetaphil.com,2021-11-25,7,2625,Cetaphil,175,15.0
557,cleanandclear.com,2021-11-25,5,352,Clean & Clear,74,4.756756756756757
253,cerave.com,2021-11-25,20,7050,Cerave,189,37.301587301587304
1125,neutrogena.com,2021-11-25,22,4816,Neutrogena,742,6.490566037735849
166,cerave.com,2021-11-26,41,7091,Cerave,189,37.51851851851852
436,cetaphil.com,2021-11-26,10,2635,Cetaphil,175,15.057142857142857
807,hellobubble.com,2021-11-26,4,942,Bubble,10,94.2
1118,neutrogena.com,2021-11-26,23,4839,Neutrogena,742,6.52156334231806
212,cerave.com,2021-11-27,33,7124,Cerave,189,37.6931216931217
489,cetaphil.com,2021-11-27,7,2642,Cetaphil,175,15.097142857142858
637,cleanandclear.com,2021-11-27,2,354,Clean & Clear,74,4.783783783783784
1175,neutrogena.com,2021-11-27,12,4851,Neutrogena,742,6.537735849056604
901,hellobubble.com,2021-11-27,1,943,Bubble,10,94.3
176,cerave.com,2021-11-28,40,7164,Cerave,189,37.904761904761905
1138,neutrogena.com,2021-11-28,21,4872,Neutrogena,742,6.566037735849057
467,cetaphil.com,2021-11-28,8,2650,Cetaphil,175,15.142857142857142
808,hellobubble.com,2021-11-28,4,947,Bubble,10,94.7
468,cetaphil.com,2021-11-29,8,2658,Cetaphil,175,15.188571428571429
1162,neutrogena.com,2021-11-29,15,4887,Neutrogena,742,6.586253369272237
181,cerave.com,2021-11-29,39,7203,Cerave,189,38.111111111111114
1163,neutrogena.com,2021-11-30,15,4902,Neutrogena,742,6.606469002695418
809,hellobubble.com,2021-11-30,4,951,Bubble,10,95.1
238,cerave.com,2021-11-30,27,7230,Cerave,189,38.25396825396825
520,cetaphil.com,2021-11-30,3,2661,Cetaphil,175,15.205714285714286
699,cleanandclear.com,2021-11-30,1,355,Clean & Clear,74,4.797297297297297
118,cerave.com,2021-12-01,49,7279,Cerave,189,38.51322751322751
507,cetaphil.com,2021-12-01,5,2666,Cetaphil,175,15.234285714285715
1150,neutrogena.com,2021-12-01,19,4921,Neutrogena,742,6.632075471698113
902,hellobubble.com,2021-12-01,1,952,Bubble,10,95.2
588,cleanandclear.com,2021-12-01,3,358,Clean & Clear,74,4.837837837837838
167,cerave.com,2021-12-02,41,7320,Cerave,189,38.73015873015873
1000,neutrogena.com,2021-12-02,34,4955,Neutrogena,742,6.677897574123989
856,hellobubble.com,2021-12-02,2,954,Bubble,10,95.4
403,cetaphil.com,2021-12-02,12,2678,Cetaphil,175,15.302857142857142
1011,neutrogena.com,2021-12-03,33,4988,Neutrogena,742,6.722371967654986
589,cleanandclear.com,2021-12-03,3,361,Clean & Clear,74,4.878378378378378
144,cerave.com,2021-12-03,45,7365,Cerave,189,38.96825396825397
903,hellobubble.com,2021-12-03,1,955,Bubble,10,95.5
521,cetaphil.com,2021-12-03,3,2681,Cetaphil,175,15.32
502,cetaphil.com,2021-12-04,6,2687,Cetaphil,175,15.354285714285714
1068,neutrogena.com,2021-12-04,27,5015,Neutrogena,742,6.758760107816712
230,cerave.com,2021-12-04,28,7393,Cerave,189,39.116402116402114
904,hellobubble.com,2021-12-04,1,956,Bubble,10,95.6
857,hellobubble.com,2021-12-05,2,958,Bubble,10,95.8
527,cetaphil.com,2021-12-05,2,2689,Cetaphil,175,15.365714285714287
1069,neutrogena.com,2021-12-05,27,5042,Neutrogena,742,6.795148247978437
250,cerave.com,2021-12-05,23,7416,Cerave,189,39.23809523809524
1172,neutrogena.com,2021-12-06,14,5056,Neutrogena,742,6.814016172506738
198,cerave.com,2021-12-06,37,7453,Cerave,189,39.43386243386244
490,cetaphil.com,2021-12-06,7,2696,Cetaphil,175,15.405714285714286
775,hellobubble.com,2021-12-06,6,964,Bubble,10,96.4
469,cetaphil.com,2021-12-07,8,2704,Cetaphil,175,15.451428571428572
213,cerave.com,2021-12-07,33,7486,Cerave,189,39.60846560846561
776,hellobubble.com,2021-12-07,6,970,Bubble,10,97.0
1151,neutrogena.com,2021-12-07,19,5075,Neutrogena,742,6.839622641509434
590,cleanandclear.com,2021-12-07,3,364,Clean & Clear,74,4.918918918918919
239,cerave.com,2021-12-08,27,7513,Cerave,189,39.75132275132275
810,hellobubble.com,2021-12-08,4,974,Bubble,10,97.4
638,cleanandclear.com,2021-12-08,2,366,Clean & Clear,74,4.945945945945946
1089,neutrogena.com,2021-12-08,25,5100,Neutrogena,742,6.873315363881401
404,cetaphil.com,2021-12-08,12,2716,Cetaphil,175,15.52
177,cerave.com,2021-12-09,40,7553,Cerave,189,39.96296296296296
858,hellobubble.com,2021-12-09,2,976,Bubble,10,97.6
448,cetaphil.com,2021-12-09,9,2725,Cetaphil,175,15.571428571428571
639,cleanandclear.com,2021-12-09,2,368,Clean & Clear,74,4.972972972972973
1152,neutrogena.com,2021-12-09,19,5119,Neutrogena,742,6.898921832884097
522,cetaphil.com,2021-12-10,3,2728,Cetaphil,175,15.588571428571429
1164,neutrogena.com,2021-12-10,15,5134,Neutrogena,742,6.919137466307277
700,cleanandclear.com,2021-12-10,1,369,Clean & Clear,74,4.986486486486487
199,cerave.com,2021-12-10,37,7590,Cerave,189,40.15873015873016
640,cleanandclear.com,2021-12-11,2,371,Clean & Clear,74,5.013513513513513
247,cerave.com,2021-12-11,24,7614,Cerave,189,40.285714285714285
1155,neutrogena.com,2021-12-11,18,5152,Neutrogena,742,6.943396226415095
503,cetaphil.com,2021-12-11,6,2734,Cetaphil,175,15.622857142857143
826,hellobubble.com,2021-12-11,3,979,Bubble,10,97.9
811,hellobubble.com,2021-12-12,4,983,Bubble,10,98.3
491,cetaphil.com,2021-12-12,7,2741,Cetaphil,175,15.662857142857144
178,cerave.com,2021-12-12,40,7654,Cerave,189,40.4973544973545
1058,neutrogena.com,2021-12-12,28,5180,Neutrogena,742,6.981132075471698
827,hellobubble.com,2021-12-13,3,986,Bubble,10,98.6
449,cetaphil.com,2021-12-13,9,2750,Cetaphil,175,15.714285714285714
963,neutrogena.com,2021-12-13,42,5222,Neutrogena,742,7.037735849056604
200,cerave.com,2021-12-13,36,7690,Cerave,189,40.68783068783069
252,cerave.com,2021-12-14,21,7711,Cerave,189,40.7989417989418
504,cetaphil.com,2021-12-14,6,2756,Cetaphil,175,15.748571428571429
641,cleanandclear.com,2021-12-14,2,373,Clean & Clear,74,5.04054054054054
969,neutrogena.com,2021-12-14,40,5262,Neutrogena,742,7.091644204851752
828,hellobubble.com,2021-12-14,3,989,Bubble,10,98.9
1001,neutrogena.com,2021-12-15,34,5296,Neutrogena,742,7.137466307277628
777,hellobubble.com,2021-12-15,6,995,Bubble,10,99.5
513,cetaphil.com,2021-12-15,4,2760,Cetaphil,175,15.771428571428572
255,cerave.com,2021-12-15,14,7725,Cerave,189,40.87301587301587
570,cleanandclear.com,2021-12-15,4,377,Clean & Clear,74,5.094594594594595
248,cerave.com,2021-12-16,24,7749,Cerave,189,41.0
450,cetaphil.com,2021-12-16,9,2769,Cetaphil,175,15.822857142857142
790,hellobubble.com,2021-12-16,5,1000,Bubble,10,100.0
642,cleanandclear.com,2021-12-16,2,379,Clean & Clear,74,5.121621621621622
970,neutrogena.com,2021-12-16,40,5336,Neutrogena,742,7.191374663072776
929,neutrogena.com,2021-12-17,60,5396,Neutrogena,742,7.272237196765499
829,hellobubble.com,2021-12-17,3,1003,Bubble,10,100.3
470,cetaphil.com,2021-12-17,8,2777,Cetaphil,175,15.868571428571428
148,cerave.com,2021-12-17,44,7793,Cerave,189,41.232804232804234
925,neutrogena.com,2021-12-18,66,5462,Neutrogena,742,7.361185983827493
240,cerave.com,2021-12-18,26,7819,Cerave,189,41.370370370370374
514,cetaphil.com,2021-12-18,4,2781,Cetaphil,175,15.891428571428571
859,hellobubble.com,2021-12-18,2,1005,Bubble,10,100.5
959,neutrogena.com,2021-12-19,43,5505,Neutrogena,742,7.419137466307277
246,cerave.com,2021-12-19,25,7844,Cerave,189,41.5026455026455
701,cleanandclear.com,2021-12-19,1,380,Clean & Clear,74,5.135135135135135
812,hellobubble.com,2021-12-19,4,1009,Bubble,10,100.9
530,cetaphil.com,2021-12-19,1,2782,Cetaphil,175,15.897142857142857
471,cetaphil.com,2021-12-20,8,2790,Cetaphil,175,15.942857142857143
117,cerave.com,2021-12-20,50,7894,Cerave,189,41.767195767195766
702,cleanandclear.com,2021-12-20,1,381,Clean & Clear,74,5.148648648648648
905,hellobubble.com,2021-12-20,1,1010,Bubble,10,101.0
933,neutrogena.com,2021-12-20,57,5562,Neutrogena,742,7.495956873315364
997,neutrogena.com,2021-12-21,35,5597,Neutrogena,742,7.5431266846361185
492,cetaphil.com,2021-12-21,7,2797,Cetaphil,175,15.982857142857142
860,hellobubble.com,2021-12-21,2,1012,Bubble,10,101.2
703,cleanandclear.com,2021-12-21,1,382,Clean & Clear,74,5.162162162162162
168,cerave.com,2021-12-21,41,7935,Cerave,189,41.98412698412698
813,hellobubble.com,2021-12-22,4,1016,Bubble,10,101.6
704,cleanandclear.com,2021-12-22,1,383,Clean & Clear,74,5.175675675675675
140,cerave.com,2021-12-22,46,7981,Cerave,189,42.22751322751323
1104,neutrogena.com,2021-12-22,24,5621,Neutrogena,742,7.5754716981132075
508,cetaphil.com,2021-12-22,5,2802,Cetaphil,175,16.01142857142857
345,cetaphil.com,2021-12-23,17,2819,Cetaphil,175,16.10857142857143
778,hellobubble.com,2021-12-23,6,1022,Bubble,10,102.2
1105,neutrogena.com,2021-12-23,24,5645,Neutrogena,742,7.607816711590297
643,cleanandclear.com,2021-12-23,2,385,Clean & Clear,74,5.202702702702703
0,cerave.com,2021-12-23,108,8089,Cerave,189,42.7989417989418
1030,neutrogena.com,2021-12-24,30,5675,Neutrogena,742,7.6482479784366575
405,cetaphil.com,2021-12-24,12,2831,Cetaphil,175,16.177142857142858
241,cerave.com,2021-12-24,26,8115,Cerave,189,42.93650793650794
906,hellobubble.com,2021-12-24,1,1023,Bubble,10,102.3
644,cleanandclear.com,2021-12-24,2,387,Clean & Clear,74,5.22972972972973
705,cleanandclear.com,2021-12-25,1,388,Clean & Clear,74,5.243243243243243
1126,neutrogena.com,2021-12-25,22,5697,Neutrogena,742,7.677897574123989
515,cetaphil.com,2021-12-25,4,2835,Cetaphil,175,16.2
830,hellobubble.com,2021-12-25,3,1026,Bubble,10,102.6
231,cerave.com,2021-12-25,28,8143,Cerave,189,43.08465608465608
645,cleanandclear.com,2021-12-26,2,390,Clean & Clear,74,5.27027027027027
509,cetaphil.com,2021-12-26,5,2840,Cetaphil,175,16.228571428571428
831,hellobubble.com,2021-12-26,3,1029,Bubble,10,102.9
186,cerave.com,2021-12-26,38,8181,Cerave,189,43.285714285714285
1090,neutrogena.com,2021-12-26,25,5722,Neutrogena,742,7.711590296495957
930,neutrogena.com,2021-12-27,59,5781,Neutrogena,742,7.791105121293801
451,cetaphil.com,2021-12-27,9,2849,Cetaphil,175,16.28
169,cerave.com,2021-12-27,41,8222,Cerave,189,43.5026455026455
591,cleanandclear.com,2021-12-27,3,393,Clean & Clear,74,5.3108108108108105
472,cetaphil.com,2021-12-28,8,2857,Cetaphil,175,16.325714285714287
943,neutrogena.com,2021-12-28,48,5829,Neutrogena,742,7.855795148247979
91,cerave.com,2021-12-28,56,8278,Cerave,189,43.7989417989418
791,hellobubble.com,2021-12-28,5,1034,Bubble,10,103.4
964,neutrogena.com,2021-12-29,42,5871,Neutrogena,742,7.912398921832884
706,cleanandclear.com,2021-12-29,1,394,Clean & Clear,74,5.324324324324325
207,cerave.com,2021-12-29,34,8312,Cerave,189,43.97883597883598
493,cetaphil.com,2021-12-29,7,2864,Cetaphil,175,16.365714285714287
832,hellobubble.com,2021-12-29,3,1037,Bubble,10,103.7
861,hellobubble.com,2021-12-30,2,1039,Bubble,10,103.9
54,cerave.com,2021-12-30,64,8376,Cerave,189,44.317460317460316
950,neutrogena.com,2021-12-30,46,5917,Neutrogena,742,7.974393530997305
646,cleanandclear.com,2021-12-30,2,396,Clean & Clear,74,5.351351351351352
494,cetaphil.com,2021-12-30,7,2871,Cetaphil,175,16.405714285714286
833,hellobubble.com,2021-12-31,3,1042,Bubble,10,104.2
986,neutrogena.com,2021-12-31,37,5954,Neutrogena,742,8.024258760107816
182,cerave.com,2021-12-31,39,8415,Cerave,189,44.523809523809526
452,cetaphil.com,2021-12-31,9,2880,Cetaphil,175,16.457142857142856
495,cetaphil.com,2022-01-01,7,2887,Cetaphil,175,16.497142857142858
907,hellobubble.com,2022-01-01,1,1043,Bubble,10,104.3
187,cerave.com,2022-01-01,38,8453,Cerave,189,44.72486772486773
1059,neutrogena.com,2022-01-01,28,5982,Neutrogena,742,8.06199460916442
160,cerave.com,2022-01-02,42,8495,Cerave,189,44.94708994708995
1002,neutrogena.com,2022-01-02,34,6016,Neutrogena,742,8.107816711590296
505,cetaphil.com,2022-01-02,6,2893,Cetaphil,175,16.53142857142857
647,cleanandclear.com,2022-01-02,2,398,Clean & Clear,74,5.378378378378378
1091,neutrogena.com,2022-01-03,25,6041,Neutrogena,742,8.141509433962264
153,cerave.com,2022-01-03,43,8538,Cerave,189,45.17460317460318
453,cetaphil.com,2022-01-03,9,2902,Cetaphil,175,16.582857142857144
792,hellobubble.com,2022-01-03,5,1048,Bubble,10,104.8
648,cleanandclear.com,2022-01-04,2,400,Clean & Clear,74,5.405405405405405
352,cetaphil.com,2022-01-04,16,2918,Cetaphil,175,16.674285714285713
1045,neutrogena.com,2022-01-04,29,6070,Neutrogena,742,8.180592991913747
908,hellobubble.com,2022-01-04,1,1049,Bubble,10,104.9
170,cerave.com,2022-01-04,41,8579,Cerave,189,45.39153439153439
1079,neutrogena.com,2022-01-05,26,6096,Neutrogena,742,8.215633423180593
320,cetaphil.com,2022-01-05,20,2938,Cetaphil,175,16.78857142857143
36,cerave.com,2022-01-05,69,8648,Cerave,189,45.75661375661376
649,cleanandclear.com,2022-01-05,2,402,Clean & Clear,74,5.4324324324324325
793,hellobubble.com,2022-01-05,5,1054,Bubble,10,105.4
71,cerave.com,2022-01-06,59,8707,Cerave,189,46.06878306878307
1046,neutrogena.com,2022-01-06,29,6125,Neutrogena,742,8.254716981132075
406,cetaphil.com,2022-01-06,12,2950,Cetaphil,175,16.857142857142858
862,hellobubble.com,2022-01-06,2,1056,Bubble,10,105.6
814,hellobubble.com,2022-01-07,4,1060,Bubble,10,106.0
650,cleanandclear.com,2022-01-07,2,404,Clean & Clear,74,5.45945945945946
1144,neutrogena.com,2022-01-07,20,6145,Neutrogena,742,8.28167115902965
361,cetaphil.com,2022-01-07,15,2965,Cetaphil,175,16.942857142857143
62,cerave.com,2022-01-07,62,8769,Cerave,189,46.3968253968254
1165,neutrogena.com,2022-01-08,15,6160,Neutrogena,742,8.30188679245283
183,cerave.com,2022-01-08,39,8808,Cerave,189,46.6031746031746
473,cetaphil.com,2022-01-08,8,2973,Cetaphil,175,16.98857142857143
651,cleanandclear.com,2022-01-08,2,406,Clean & Clear,74,5.486486486486487
863,hellobubble.com,2022-01-08,2,1062,Bubble,10,106.2
329,cetaphil.com,2022-01-09,19,2992,Cetaphil,175,17.097142857142856
592,cleanandclear.com,2022-01-09,3,409,Clean & Clear,74,5.527027027027027
145,cerave.com,2022-01-09,45,8853,Cerave,189,46.84126984126984
1119,neutrogena.com,2022-01-09,23,6183,Neutrogena,742,8.332884097035041
864,hellobubble.com,2022-01-09,2,1064,Bubble,10,106.4
1060,neutrogena.com,2022-01-10,28,6211,Neutrogena,742,8.370619946091644
593,cleanandclear.com,2022-01-10,3,412,Clean & Clear,74,5.5675675675675675
865,hellobubble.com,2022-01-10,2,1066,Bubble,10,106.6
330,cetaphil.com,2022-01-10,19,3011,Cetaphil,175,17.205714285714286
76,cerave.com,2022-01-10,58,8911,Cerave,189,47.148148148148145
909,hellobubble.com,2022-01-11,1,1067,Bubble,10,106.7
37,cerave.com,2022-01-11,69,8980,Cerave,189,47.51322751322751
652,cleanandclear.com,2022-01-11,2,414,Clean & Clear,74,5.594594594594595
377,cetaphil.com,2022-01-11,14,3025,Cetaphil,175,17.285714285714285
1106,neutrogena.com,2022-01-11,24,6235,Neutrogena,742,8.402964959568733
1092,neutrogena.com,2022-01-12,25,6260,Neutrogena,742,8.436657681940702
154,cerave.com,2022-01-12,43,9023,Cerave,189,47.74074074074074
389,cetaphil.com,2022-01-12,13,3038,Cetaphil,175,17.36
910,hellobubble.com,2022-01-12,1,1068,Bubble,10,106.8
707,cleanandclear.com,2022-01-12,1,415,Clean & Clear,74,5.608108108108108
1003,neutrogena.com,2022-01-13,34,6294,Neutrogena,742,8.482479784366577
46,cerave.com,2022-01-13,66,9089,Cerave,189,48.08994708994709
594,cleanandclear.com,2022-01-13,3,418,Clean & Clear,74,5.648648648648648
362,cetaphil.com,2022-01-13,15,3053,Cetaphil,175,17.445714285714285
653,cleanandclear.com,2022-01-14,2,420,Clean & Clear,74,5.675675675675675
1070,neutrogena.com,2022-01-14,27,6321,Neutrogena,742,8.518867924528301
363,cetaphil.com,2022-01-14,15,3068,Cetaphil,175,17.53142857142857
141,cerave.com,2022-01-14,46,9135,Cerave,189,48.333333333333336
654,cleanandclear.com,2022-01-15,2,422,Clean & Clear,74,5.702702702702703
1127,neutrogena.com,2022-01-15,22,6343,Neutrogena,742,8.548517520215633
67,cerave.com,2022-01-15,61,9196,Cerave,189,48.65608465608466
336,cetaphil.com,2022-01-15,18,3086,Cetaphil,175,17.634285714285713
104,cerave.com,2022-01-16,53,9249,Cerave,189,48.93650793650794
437,cetaphil.com,2022-01-16,10,3096,Cetaphil,175,17.69142857142857
1153,neutrogena.com,2022-01-16,19,6362,Neutrogena,742,8.574123989218329
708,cleanandclear.com,2022-01-16,1,423,Clean & Clear,74,5.716216216216216
337,cetaphil.com,2022-01-17,18,3114,Cetaphil,175,17.794285714285714
595,cleanandclear.com,2022-01-17,3,426,Clean & Clear,74,5.756756756756757
1166,neutrogena.com,2022-01-17,15,6377,Neutrogena,742,8.59433962264151
55,cerave.com,2022-01-17,64,9313,Cerave,189,49.27513227513227
300,cetaphil.com,2022-01-18,24,3138,Cetaphil,175,17.931428571428572
1028,neutrogena.com,2022-01-18,31,6408,Neutrogena,742,8.63611859838275
92,cerave.com,2022-01-18,56,9369,Cerave,189,49.57142857142857
291,cetaphil.com,2022-01-19,27,3165,Cetaphil,175,18.085714285714285
1154,neutrogena.com,2022-01-19,19,6427,Neutrogena,742,8.661725067385445
32,cerave.com,2022-01-19,70,9439,Cerave,189,49.94179894179894
7,cerave.com,2022-01-20,86,9525,Cerave,189,50.3968253968254
279,cetaphil.com,2022-01-20,34,3199,Cetaphil,175,18.28
1128,neutrogena.com,2022-01-20,22,6449,Neutrogena,742,8.691374663072777
709,cleanandclear.com,2022-01-20,1,427,Clean & Clear,74,5.77027027027027
129,cerave.com,2022-01-21,48,9573,Cerave,189,50.65079365079365
655,cleanandclear.com,2022-01-21,2,429,Clean & Clear,74,5.797297297297297
288,cetaphil.com,2022-01-21,29,3228,Cetaphil,175,18.445714285714285
1093,neutrogena.com,2022-01-21,25,6474,Neutrogena,742,8.725067385444744
1176,neutrogena.com,2022-01-22,12,6486,Neutrogena,742,8.74123989218329
24,cerave.com,2022-01-22,74,9647,Cerave,189,51.042328042328045
656,cleanandclear.com,2022-01-22,2,431,Clean & Clear,74,5.824324324324325
364,cetaphil.com,2022-01-22,15,3243,Cetaphil,175,18.53142857142857
41,cerave.com,2022-01-23,68,9715,Cerave,189,51.402116402116405
407,cetaphil.com,2022-01-23,12,3255,Cetaphil,175,18.6
1107,neutrogena.com,2022-01-23,24,6510,Neutrogena,742,8.773584905660377
710,cleanandclear.com,2022-01-23,1,432,Clean & Clear,74,5.837837837837838
68,cerave.com,2022-01-24,61,9776,Cerave,189,51.72486772486773
346,cetaphil.com,2022-01-24,17,3272,Cetaphil,175,18.697142857142858
1139,neutrogena.com,2022-01-24,21,6531,Neutrogena,742,8.80188679245283
188,cerave.com,2022-01-25,38,9814,Cerave,189,51.925925925925924
1167,neutrogena.com,2022-01-25,15,6546,Neutrogena,742,8.822102425876011
454,cetaphil.com,2022-01-25,9,3281,Cetaphil,175,18.748571428571427
911,hellobubble.com,2022-01-25,1,1069,Bubble,10,106.9
711,cleanandclear.com,2022-01-25,1,433,Clean & Clear,74,5.851351351351352
72,cerave.com,2022-01-26,59,9873,Cerave,189,52.23809523809524
1094,neutrogena.com,2022-01-26,25,6571,Neutrogena,742,8.855795148247978
712,cleanandclear.com,2022-01-26,1,434,Clean & Clear,74,5.864864864864865
338,cetaphil.com,2022-01-26,18,3299,Cetaphil,175,18.85142857142857
378,cetaphil.com,2022-01-27,14,3313,Cetaphil,175,18.931428571428572
1168,neutrogena.com,2022-01-27,15,6586,Neutrogena,742,8.876010781671159
73,cerave.com,2022-01-27,59,9932,Cerave,189,52.55026455026455
408,cetaphil.com,2022-01-28,12,3325,Cetaphil,175,19.0
713,cleanandclear.com,2022-01-28,1,435,Clean & Clear,74,5.878378378378378
38,cerave.com,2022-01-28,69,10001,Cerave,189,52.91534391534392
1145,neutrogena.com,2022-01-28,20,6606,Neutrogena,742,8.902964959568733
455,cetaphil.com,2022-01-29,9,3334,Cetaphil,175,19.05142857142857
1061,neutrogena.com,2022-01-29,28,6634,Neutrogena,742,8.940700808625337
95,cerave.com,2022-01-29,55,10056,Cerave,189,53.20634920634921
456,cetaphil.com,2022-01-30,9,3343,Cetaphil,175,19.102857142857143
912,hellobubble.com,2022-01-30,1,1070,Bubble,10,107.0
714,cleanandclear.com,2022-01-30,1,436,Clean & Clear,74,5.891891891891892
109,cerave.com,2022-01-30,52,10108,Cerave,189,53.48148148148148
1108,neutrogena.com,2022-01-30,24,6658,Neutrogena,742,8.973045822102426
1012,neutrogena.com,2022-01-31,33,6691,Neutrogena,742,9.017520215633423
474,cetaphil.com,2022-01-31,8,3351,Cetaphil,175,19.14857142857143
105,cerave.com,2022-01-31,53,10161,Cerave,189,53.76190476190476
715,cleanandclear.com,2022-02-01,1,437,Clean & Clear,74,5.905405405405405
1080,neutrogena.com,2022-02-01,26,6717,Neutrogena,742,9.05256064690027
379,cetaphil.com,2022-02-01,14,3365,Cetaphil,175,19.228571428571428
59,cerave.com,2022-02-01,63,10224,Cerave,189,54.095238095238095
74,cerave.com,2022-02-02,59,10283,Cerave,189,54.407407407407405
1071,neutrogena.com,2022-02-02,27,6744,Neutrogena,742,9.088948787061994
716,cleanandclear.com,2022-02-02,1,438,Clean & Clear,74,5.918918918918919
422,cetaphil.com,2022-02-02,11,3376,Cetaphil,175,19.291428571428572
98,cerave.com,2022-02-03,54,10337,Cerave,189,54.6931216931217
717,cleanandclear.com,2022-02-03,1,439,Clean & Clear,74,5.9324324324324325
1129,neutrogena.com,2022-02-03,22,6766,Neutrogena,742,9.118598382749326
365,cetaphil.com,2022-02-03,15,3391,Cetaphil,175,19.377142857142857
93,cerave.com,2022-02-04,56,10393,Cerave,189,54.98941798941799
1130,neutrogena.com,2022-02-04,22,6788,Neutrogena,742,9.148247978436657
657,cleanandclear.com,2022-02-04,2,441,Clean & Clear,74,5.95945945945946
423,cetaphil.com,2022-02-04,11,3402,Cetaphil,175,19.44
457,cetaphil.com,2022-02-05,9,3411,Cetaphil,175,19.49142857142857
1109,neutrogena.com,2022-02-05,24,6812,Neutrogena,742,9.180592991913747
5,cerave.com,2022-02-05,90,10483,Cerave,189,55.46560846560847
658,cleanandclear.com,2022-02-05,2,443,Clean & Clear,74,5.986486486486487
424,cetaphil.com,2022-02-06,11,3422,Cetaphil,175,19.554285714285715
991,neutrogena.com,2022-02-06,36,6848,Neutrogena,742,9.22911051212938
19,cerave.com,2022-02-06,79,10562,Cerave,189,55.883597883597886
510,cetaphil.com,2022-02-07,5,3427,Cetaphil,175,19.582857142857144
51,cerave.com,2022-02-07,65,10627,Cerave,189,56.22751322751323
1013,neutrogena.com,2022-02-07,33,6881,Neutrogena,742,9.273584905660377
52,cerave.com,2022-02-08,65,10692,Cerave,189,56.57142857142857
596,cleanandclear.com,2022-02-08,3,446,Clean & Clear,74,6.027027027027027
475,cetaphil.com,2022-02-08,8,3435,Cetaphil,175,19.62857142857143
941,neutrogena.com,2022-02-08,49,6930,Neutrogena,742,9.339622641509434
913,hellobubble.com,2022-02-08,1,1071,Bubble,10,107.1
409,cetaphil.com,2022-02-09,12,3447,Cetaphil,175,19.697142857142858
718,cleanandclear.com,2022-02-09,1,447,Clean & Clear,74,6.04054054054054
998,neutrogena.com,2022-02-09,35,6965,Neutrogena,742,9.38679245283019
47,cerave.com,2022-02-09,66,10758,Cerave,189,56.92063492063492
914,hellobubble.com,2022-02-09,1,1072,Bubble,10,107.2
915,hellobubble.com,2022-02-10,1,1073,Bubble,10,107.3
347,cetaphil.com,2022-02-10,17,3464,Cetaphil,175,19.794285714285714
77,cerave.com,2022-02-10,58,10816,Cerave,189,57.22751322751323
719,cleanandclear.com,2022-02-10,1,448,Clean & Clear,74,6.054054054054054
1062,neutrogena.com,2022-02-10,28,6993,Neutrogena,742,9.424528301886792
96,cerave.com,2022-02-11,55,10871,Cerave,189,57.51851851851852
1019,neutrogena.com,2022-02-11,32,7025,Neutrogena,742,9.467654986522911
438,cetaphil.com,2022-02-11,10,3474,Cetaphil,175,19.85142857142857
720,cleanandclear.com,2022-02-11,1,449,Clean & Clear,74,6.0675675675675675
721,cleanandclear.com,2022-02-12,1,450,Clean & Clear,74,6.081081081081081
1063,neutrogena.com,2022-02-12,28,7053,Neutrogena,742,9.505390835579515
516,cetaphil.com,2022-02-12,4,3478,Cetaphil,175,19.874285714285715
149,cerave.com,2022-02-12,44,10915,Cerave,189,57.75132275132275
1110,neutrogena.com,2022-02-13,24,7077,Neutrogena,742,9.537735849056604
83,cerave.com,2022-02-13,57,10972,Cerave,189,58.05291005291005
390,cetaphil.com,2022-02-13,13,3491,Cetaphil,175,19.94857142857143
722,cleanandclear.com,2022-02-13,1,451,Clean & Clear,74,6.094594594594595
723,cleanandclear.com,2022-02-14,1,452,Clean & Clear,74,6.108108108108108
458,cetaphil.com,2022-02-14,9,3500,Cetaphil,175,20.0
979,neutrogena.com,2022-02-14,38,7115,Neutrogena,742,9.588948787061994
110,cerave.com,2022-02-14,52,11024,Cerave,189,58.32804232804233
1047,neutrogena.com,2022-02-15,29,7144,Neutrogena,742,9.628032345013477
476,cetaphil.com,2022-02-15,8,3508,Cetaphil,175,20.045714285714286
20,cerave.com,2022-02-15,79,11103,Cerave,189,58.74603174603175
659,cleanandclear.com,2022-02-15,2,454,Clean & Clear,74,6.135135135135135
1048,neutrogena.com,2022-02-16,29,7173,Neutrogena,742,9.667115902964959
724,cleanandclear.com,2022-02-16,1,455,Clean & Clear,74,6.148648648648648
916,hellobubble.com,2022-02-16,1,1074,Bubble,10,107.4
380,cetaphil.com,2022-02-16,14,3522,Cetaphil,175,20.125714285714285
16,cerave.com,2022-02-16,80,11183,Cerave,189,59.16931216931217
410,cetaphil.com,2022-02-17,12,3534,Cetaphil,175,20.194285714285716
660,cleanandclear.com,2022-02-17,2,457,Clean & Clear,74,6.175675675675675
980,neutrogena.com,2022-02-17,38,7211,Neutrogena,742,9.71832884097035
8,cerave.com,2022-02-17,86,11269,Cerave,189,59.62433862433863
425,cetaphil.com,2022-02-18,11,3545,Cetaphil,175,20.257142857142856
725,cleanandclear.com,2022-02-18,1,458,Clean & Clear,74,6.1891891891891895
27,cerave.com,2022-02-18,73,11342,Cerave,189,60.01058201058201
935,neutrogena.com,2022-02-18,55,7266,Neutrogena,742,9.79245283018868
119,cerave.com,2022-02-19,49,11391,Cerave,189,60.26984126984127
1004,neutrogena.com,2022-02-19,34,7300,Neutrogena,742,9.838274932614555
439,cetaphil.com,2022-02-19,10,3555,Cetaphil,175,20.314285714285713
459,cetaphil.com,2022-02-20,9,3564,Cetaphil,175,20.365714285714287
597,cleanandclear.com,2022-02-20,3,461,Clean & Clear,74,6.22972972972973
1081,neutrogena.com,2022-02-20,26,7326,Neutrogena,742,9.873315363881401
25,cerave.com,2022-02-20,74,11465,Cerave,189,60.66137566137566
661,cleanandclear.com,2022-02-21,2,463,Clean & Clear,74,6.256756756756757
496,cetaphil.com,2022-02-21,7,3571,Cetaphil,175,20.405714285714286
14,cerave.com,2022-02-21,82,11547,Cerave,189,61.095238095238095
981,neutrogena.com,2022-02-21,38,7364,Neutrogena,742,9.924528301886792
6,cerave.com,2022-02-22,89,11636,Cerave,189,61.56613756613756
923,neutrogena.com,2022-02-22,69,7433,Neutrogena,742,10.017520215633423
426,cetaphil.com,2022-02-22,11,3582,Cetaphil,175,20.46857142857143
26,cerave.com,2022-02-23,74,11710,Cerave,189,61.957671957671955
1005,neutrogena.com,2022-02-23,34,7467,Neutrogena,742,10.063342318059298
460,cetaphil.com,2022-02-23,9,3591,Cetaphil,175,20.52
726,cleanandclear.com,2022-02-23,1,464,Clean & Clear,74,6.27027027027027
917,hellobubble.com,2022-02-24,1,1075,Bubble,10,107.5
1031,neutrogena.com,2022-02-24,30,7497,Neutrogena,742,10.10377358490566
411,cetaphil.com,2022-02-24,12,3603,Cetaphil,175,20.588571428571427
1,cerave.com,2022-02-24,105,11815,Cerave,189,62.51322751322751
662,cleanandclear.com,2022-02-24,2,466,Clean & Clear,74,6.297297297297297
965,neutrogena.com,2022-02-25,42,7539,Neutrogena,742,10.160377358490566
10,cerave.com,2022-02-25,85,11900,Cerave,189,62.96296296296296
477,cetaphil.com,2022-02-25,8,3611,Cetaphil,175,20.634285714285713
84,cerave.com,2022-02-26,57,11957,Cerave,189,63.264550264550266
440,cetaphil.com,2022-02-26,10,3621,Cetaphil,175,20.69142857142857
663,cleanandclear.com,2022-02-26,2,468,Clean & Clear,74,6.324324324324325
1111,neutrogena.com,2022-02-26,24,7563,Neutrogena,742,10.192722371967655
63,cerave.com,2022-02-27,62,12019,Cerave,189,63.592592592592595
1120,neutrogena.com,2022-02-27,23,7586,Neutrogena,742,10.223719676549866
381,cetaphil.com,2022-02-27,14,3635,Cetaphil,175,20.771428571428572
31,cerave.com,2022-02-28,72,12091,Cerave,189,63.973544973544975
664,cleanandclear.com,2022-02-28,2,470,Clean & Clear,74,6.351351351351352
982,neutrogena.com,2022-02-28,38,7624,Neutrogena,742,10.274932614555256
441,cetaphil.com,2022-02-28,10,3645,Cetaphil,175,20.82857142857143
598,cleanandclear.com,2022-03-01,3,473,Clean & Clear,74,6.391891891891892
78,cerave.com,2022-03-01,58,12149,Cerave,189,64.28042328042328
331,cetaphil.com,2022-03-01,19,3664,Cetaphil,175,20.937142857142856
1072,neutrogena.com,2022-03-01,27,7651,Neutrogena,742,10.31132075471698
442,cetaphil.com,2022-03-02,10,3674,Cetaphil,175,20.994285714285713
2,cerave.com,2022-03-02,93,12242,Cerave,189,64.77248677248677
727,cleanandclear.com,2022-03-02,1,474,Clean & Clear,74,6.405405405405405
1095,neutrogena.com,2022-03-02,25,7676,Neutrogena,742,10.34501347708895
1082,neutrogena.com,2022-03-03,26,7702,Neutrogena,742,10.380053908355794
665,cleanandclear.com,2022-03-03,2,476,Clean & Clear,74,6.4324324324324325
478,cetaphil.com,2022-03-03,8,3682,Cetaphil,175,21.04
79,cerave.com,2022-03-03,58,12300,Cerave,189,65.07936507936508
39,cerave.com,2022-03-04,69,12369,Cerave,189,65.44444444444444
1014,neutrogena.com,2022-03-04,33,7735,Neutrogena,742,10.424528301886792
353,cetaphil.com,2022-03-04,16,3698,Cetaphil,175,21.13142857142857
666,cleanandclear.com,2022-03-05,2,478,Clean & Clear,74,6.45945945945946
1096,neutrogena.com,2022-03-05,25,7760,Neutrogena,742,10.45822102425876
443,cetaphil.com,2022-03-05,10,3708,Cetaphil,175,21.18857142857143
85,cerave.com,2022-03-05,57,12426,Cerave,189,65.74603174603175
728,cleanandclear.com,2022-03-06,1,479,Clean & Clear,74,6.472972972972973
1032,neutrogena.com,2022-03-06,30,7790,Neutrogena,742,10.498652291105122
479,cetaphil.com,2022-03-06,8,3716,Cetaphil,175,21.234285714285715
97,cerave.com,2022-03-06,55,12481,Cerave,189,66.03703703703704
171,cerave.com,2022-03-07,41,12522,Cerave,189,66.25396825396825
497,cetaphil.com,2022-03-07,7,3723,Cetaphil,175,21.274285714285714
1006,neutrogena.com,2022-03-07,34,7824,Neutrogena,742,10.544474393530997
729,cleanandclear.com,2022-03-07,1,480,Clean & Clear,74,6.486486486486487
1097,neutrogena.com,2022-03-08,25,7849,Neutrogena,742,10.578167115902964
517,cetaphil.com,2022-03-08,4,3727,Cetaphil,175,21.297142857142855
120,cerave.com,2022-03-08,49,12571,Cerave,189,66.51322751322752
667,cleanandclear.com,2022-03-08,2,482,Clean & Clear,74,6.513513513513513
1073,neutrogena.com,2022-03-09,27,7876,Neutrogena,742,10.61455525606469
730,cleanandclear.com,2022-03-09,1,483,Clean & Clear,74,6.527027027027027
28,cerave.com,2022-03-09,73,12644,Cerave,189,66.8994708994709
382,cetaphil.com,2022-03-09,14,3741,Cetaphil,175,21.377142857142857
106,cerave.com,2022-03-10,53,12697,Cerave,189,67.17989417989418
731,cleanandclear.com,2022-03-10,1,484,Clean & Clear,74,6.54054054054054
960,neutrogena.com,2022-03-10,43,7919,Neutrogena,742,10.672506738544474
391,cetaphil.com,2022-03-10,13,3754,Cetaphil,175,21.451428571428572
732,cleanandclear.com,2022-03-11,1,485,Clean & Clear,74,6.554054054054054
222,cerave.com,2022-03-11,31,12728,Cerave,189,67.34391534391534
427,cetaphil.com,2022-03-11,11,3765,Cetaphil,175,21.514285714285716
946,neutrogena.com,2022-03-11,47,7966,Neutrogena,742,10.735849056603774
918,hellobubble.com,2022-03-12,1,1076,Bubble,10,107.6
107,cerave.com,2022-03-12,53,12781,Cerave,189,67.62433862433862
412,cetaphil.com,2022-03-12,12,3777,Cetaphil,175,21.582857142857144
992,neutrogena.com,2022-03-12,36,8002,Neutrogena,742,10.784366576819407
599,cleanandclear.com,2022-03-12,3,488,Clean & Clear,74,6.594594594594595
947,neutrogena.com,2022-03-13,47,8049,Neutrogena,742,10.847708894878707
668,cleanandclear.com,2022-03-13,2,490,Clean & Clear,74,6.621621621621622
214,cerave.com,2022-03-13,33,12814,Cerave,189,67.7989417989418
428,cetaphil.com,2022-03-13,11,3788,Cetaphil,175,21.645714285714284
1177,neutrogena.com,2022-03-14,9,8058,Neutrogena,742,10.859838274932615
262,cerave.com,2022-03-14,4,12818,Cerave,189,67.82010582010582
531,cetaphil.com,2022-03-14,1,3789,Cetaphil,175,21.65142857142857
528,cetaphil.com,2022-03-15,2,3791,Cetaphil,175,21.662857142857142
1180,neutrogena.com,2022-03-15,7,8065,Neutrogena,742,10.869272237196766
733,cleanandclear.com,2022-03-15,1,491,Clean & Clear,74,6.635135135135135
261,cerave.com,2022-03-15,5,12823,Cerave,189,67.84656084656085
257,cerave.com,2022-03-16,7,12830,Cerave,189,67.88359788359789
919,hellobubble.com,2022-03-16,1,1077,Bubble,10,107.7
523,cetaphil.com,2022-03-16,3,3794,Cetaphil,175,21.68
1178,neutrogena.com,2022-03-16,9,8074,Neutrogena,742,10.881401617250674
1158,neutrogena.com,2022-03-17,17,8091,Neutrogena,742,10.904312668463612
480,cetaphil.com,2022-03-17,8,3802,Cetaphil,175,21.725714285714286
259,cerave.com,2022-03-17,6,12836,Cerave,189,67.91534391534391
1179,neutrogena.com,2022-03-18,9,8100,Neutrogena,742,10.91644204851752
265,cerave.com,2022-03-18,1,12837,Cerave,189,67.92063492063492
524,cetaphil.com,2022-03-18,3,3805,Cetaphil,175,21.742857142857144
1181,neutrogena.com,2022-03-19,7,8107,Neutrogena,742,10.925876010781671
518,cetaphil.com,2022-03-19,4,3809,Cetaphil,175,21.765714285714285
264,cerave.com,2022-03-19,3,12840,Cerave,189,67.93650793650794
866,hellobubble.com,2022-03-19,2,1079,Bubble,10,107.9
1182,neutrogena.com,2022-03-20,7,8114,Neutrogena,742,10.935309973045822
258,cerave.com,2022-03-20,7,12847,Cerave,189,67.97354497354497
1184,neutrogena.com,2022-03-21,4,8118,Neutrogena,742,10.940700808625337
525,cetaphil.com,2022-03-21,3,3812,Cetaphil,175,21.782857142857143
734,cleanandclear.com,2022-03-21,1,492,Clean & Clear,74,6.648648648648648
260,cerave.com,2022-03-21,6,12853,Cerave,189,68.005291005291
529,cetaphil.com,2022-03-22,2,3814,Cetaphil,175,21.794285714285714
1183,neutrogena.com,2022-03-22,6,8124,Neutrogena,742,10.94878706199461
735,cleanandclear.com,2022-03-22,1,493,Clean & Clear,74,6.662162162162162
256,cerave.com,2022-03-22,8,12861,Cerave,189,68.04761904761905
1185,neutrogena.com,2022-03-23,4,8128,Neutrogena,742,10.954177897574125
266,cerave.com,2022-03-23,1,12862,Cerave,189,68.05291005291005
1186,neutrogena.com,2022-03-24,3,8131,Neutrogena,742,10.95822102425876
669,cleanandclear.com,2022-03-24,2,495,Clean & Clear,74,6.6891891891891895
532,cetaphil.com,2022-03-24,1,3815,Cetaphil,175,21.8
263,cerave.com,2022-03-24,4,12866,Cerave,189,68.07407407407408
533,cetaphil.com,2022-03-25,1,3816,Cetaphil,175,21.805714285714284
1187,neutrogena.com,2022-03-25,1,8132,Neutrogena,742,10.959568733153638
267,cerave.com,2022-03-26,1,12867,Cerave,189,68.07936507936508
