,canonical_brand_url,instagram_id,fct_date,fct_followers_count,fct_following_count,est_following_count,est_posts_count,est_followers_count,fct_posts_count,comments,likes,likes_per_post_pax,comments_per_post_pax,comments_per_post,likes_per_post,name
0,madremezcal.com,2263717464,2018-10-01,,,,,,,,,,,,,Madre Mezcal
1,properwhiskey.com,7740896584,2018-10-01,,,,,,,,,,,,,Proper 12
2,mezcalrosaluna.com,7617656729,2018-10-01,,,,,,,,,,,,,Rosaluna Mezcal
3,thelongdrink.com,7521961287,2018-10-01,,,,,,,,,,,,,The Long Drink
4,lossundays.com,2179286233,2018-10-01,,,,,,,,,,,,,Los Sundays
5,drinkonda.com,19344966306,2018-10-01,,,,,,,,,,,,,Onda
6,teremana.com,16168990751,2018-10-01,,,,,,,,,,,,,Teremana
7,ghosttequila.com,2694491630,2018-10-01,,,,,,,,,,,,,Ghost Tequila
8,ghosttequila.com,2694491630,2018-11-01,,,,,,,,,,,,,Ghost Tequila
9,properwhiskey.com,7740896584,2018-11-01,,,,,,,,,,,,,Proper 12
10,lossundays.com,2179286233,2018-11-01,7457.0,2546.0,2546.0,194.0,7457.0,194.0,188.0,6016.0,0.004158550258596019,0.0001299546955811256,0.9690721649484536,0.9690721649484536,Los Sundays
11,thelongdrink.com,7521961287,2018-11-01,,,,,,,,,,,,,The Long Drink
12,mezcalrosaluna.com,7617656729,2018-11-01,,,,,,,,,,,,,Rosaluna Mezcal
13,teremana.com,16168990751,2018-11-01,,,,,,,,,,,,,Teremana
14,madremezcal.com,2263717464,2018-11-01,,,,,,,,,,,,,Madre Mezcal
15,drinkonda.com,19344966306,2018-11-01,,,,,,,,,,,,,Onda
16,ghosttequila.com,2694491630,2018-12-01,,,,,,,,,,,,,Ghost Tequila
17,lossundays.com,2179286233,2018-12-01,7813.0,2608.0,2587.3333,203.33333,7694.3335,208.0,195.0,6144.0,0.003927097027157505,0.00012463930994396376,0.9590164174318512,0.9590164174318512,Los Sundays
18,drinkonda.com,19344966306,2018-12-01,,,,,,,,,,,,,Onda
19,thelongdrink.com,7521961287,2018-12-01,,,,,,,,,,,,,The Long Drink
20,mezcalrosaluna.com,7617656729,2018-12-01,,,,,,,,,,,,,Rosaluna Mezcal
21,madremezcal.com,2263717464,2018-12-01,,,,,,,,,,,,,Madre Mezcal
22,properwhiskey.com,7740896584,2018-12-01,,,,,,,,,,,,,Proper 12
23,teremana.com,16168990751,2018-12-01,,,,,,,,,,,,,Teremana
24,properwhiskey.com,7740896584,2019-01-01,,,,,,,,,,,,,Proper 12
25,madremezcal.com,2263717464,2019-01-01,,,,,,,,,,,,,Madre Mezcal
26,thelongdrink.com,7521961287,2019-01-01,,,,,,,,,,,,,The Long Drink
27,lossundays.com,2179286233,2019-01-01,8377.0,2615.0,2603.1428,216.85715,8084.4287,227.0,165.0,5025.0,0.0028662428876018945,9.41154381003607e-05,0.7608695499210172,0.7608695499210172,Los Sundays
28,teremana.com,16168990751,2019-01-01,,,,,,,,,,,,,Teremana
29,drinkonda.com,19344966306,2019-01-01,,,,,,,,,,,,,Onda
30,ghosttequila.com,2694491630,2019-01-01,,,,,,,,,,,,,Ghost Tequila
31,mezcalrosaluna.com,7617656729,2019-01-01,,,,,,,,,,,,,Rosaluna Mezcal
32,teremana.com,16168990751,2019-02-01,,,,,,,,,,,,,Teremana
33,mezcalrosaluna.com,7617656729,2019-02-01,,,,,,,,,,,,,Rosaluna Mezcal
34,thelongdrink.com,7521961287,2019-02-01,,,,,,,,,,,,,The Long Drink
35,drinkonda.com,19344966306,2019-02-01,,,,,,,,,,,,,Onda
36,ghosttequila.com,2694491630,2019-02-01,,,,,,,,,,,,,Ghost Tequila
37,properwhiskey.com,7740896584,2019-02-01,576126.0,1.0,1.0,79.0,576126.0,79.0,2690.0,326098.0,0.007164791703221391,5.9102753410525486e-05,34.050632911392405,34.050632911392405,Proper 12
38,madremezcal.com,2263717464,2019-02-01,,,,,,,,,,,,,Madre Mezcal
39,lossundays.com,2179286233,2019-02-01,8672.0,2697.0,2653.2,229.2,8397.8,240.0,191.0,5993.0,0.003113609566227301,9.923234225753621e-05,0.8333333444290207,0.8333333444290207,Los Sundays
40,madremezcal.com,2263717464,2019-03-01,,,,,,,,,,,,,Madre Mezcal
41,lossundays.com,2179286233,2019-03-01,8809.0,2687.0,2670.6453,244.58064,8610.032,259.0,266.0,5676.0,0.002695352235356471,0.00012631495676617712,1.087575848453634,1.087575848453634,Los Sundays
42,thelongdrink.com,7521961287,2019-03-01,,,,,,,,,,,,,The Long Drink
43,teremana.com,16168990751,2019-03-01,,,,,,,,,,,,,Teremana
44,mezcalrosaluna.com,7617656729,2019-03-01,,,,,,,,,,,,,Rosaluna Mezcal
45,properwhiskey.com,7740896584,2019-03-01,587712.0,1.0,1.0,91.666664,583850.0,98.0,2720.0,305456.0,0.005707368956366625,5.0822519647075914e-05,29.67272809594527,29.67272809594527,Proper 12
46,drinkonda.com,19344966306,2019-03-01,,,,,,,,,,,,,Onda
47,ghosttequila.com,2694491630,2019-03-01,,,,,,,,,,,,,Ghost Tequila
48,lossundays.com,2179286233,2019-04-01,9456.0,2893.0,2783.5874,263.5873,9039.73,282.0,392.0,11888.0,0.004989175896158887,0.00016451522134036708,1.4871732589236664,1.4871732589236664,Los Sundays
49,mezcalrosaluna.com,7617656729,2019-04-01,,,,,,,,,,,,,Rosaluna Mezcal
50,thelongdrink.com,7521961287,2019-04-01,,,,,,,,,,,,,The Long Drink
51,madremezcal.com,2263717464,2019-04-01,,,,,,,,,,,,,Madre Mezcal
52,teremana.com,16168990751,2019-04-01,,,,,,,,,,,,,Teremana
53,properwhiskey.com,7740896584,2019-04-01,598758.0,2.0,1.5714285,103.28571,592368.9,112.0,3960.0,341334.0,0.005578880594621271,6.472360548524388e-05,38.340249367237746,38.340249367237746,Proper 12
54,ghosttequila.com,2694491630,2019-04-01,9317.0,1728.0,1728.0,813.0,9317.0,813.0,116.0,2424.0,0.0003200117865727332,1.531409539704499e-05,0.14268142681426815,0.14268142681426815,Ghost Tequila
55,drinkonda.com,19344966306,2019-04-01,,,,,,,,,,,,,Onda
56,madremezcal.com,2263717464,2019-05-01,,,,,,,,,,,,,Madre Mezcal
57,lossundays.com,2179286233,2019-05-01,9961.0,2978.0,2881.559,277.40158,9503.992,291.0,173.0,5993.0,0.0022731561796892298,6.561922561091887e-05,0.6236446075559728,0.6236446075559728,Los Sundays
58,properwhiskey.com,7740896584,2019-05-01,604405.0,2.0,1.8,116.46667,598788.1,128.0,2022.0,201422.0,0.0028882320116130496,2.899387915660448e-05,17.361190536659777,17.361190536659777,Proper 12
59,mezcalrosaluna.com,7617656729,2019-05-01,,,,,,,,,,,,,Rosaluna Mezcal
60,ghosttequila.com,2694491630,2019-05-01,10308.0,1739.0,1735.3334,809.6667,9977.667,808.0,134.0,2844.0,0.00035204186731681585,1.6587064071889354e-05,0.1655002016873896,0.1655002016873896,Ghost Tequila
61,thelongdrink.com,7521961287,2019-05-01,4431.0,627.0,627.0,339.0,4431.0,339.0,17.0,1105.0,0.0007356323675578804,1.1317421039352004e-05,0.05014749262536873,0.05014749262536873,The Long Drink
62,drinkonda.com,19344966306,2019-05-01,,,,,,,,,,,,,Onda
63,teremana.com,16168990751,2019-05-01,,,,,,,,,,,,,Teremana
64,thelongdrink.com,7521961287,2019-06-01,4578.0,661.0,649.6667,357.66666,4529.0,367.0,23.0,1071.0,0.000661163233930182,1.4198650215120619e-05,0.06430568682428128,0.06430568682428128,The Long Drink
65,lossundays.com,2179286233,2019-06-01,10377.0,3154.0,3018.3137,289.74902,9942.208,302.0,236.0,6941.0,0.0024094461164873232,8.19232507550797e-05,0.8144979996831848,0.8144979996831848,Los Sundays
66,properwhiskey.com,7740896584,2019-06-01,612783.0,2.0,1.9032258,129.12903,606011.3,141.0,1541.0,204547.0,0.002613897178522531,1.969237169014075e-05,11.93380001418004,11.93380001418004,Proper 12
67,madremezcal.com,2263717464,2019-06-01,,,,,,,,,,,,,Madre Mezcal
68,teremana.com,16168990751,2019-06-01,,,,,,,,,,,,,Teremana
69,drinkonda.com,19344966306,2019-06-01,,,,,,,,,,,,,Onda
70,ghosttequila.com,2694491630,2019-06-01,10690.0,1422.0,1556.2858,814.4286,10384.714,818.0,89.0,2387.0,0.00028223110356153557,1.0523070053195084e-05,0.1092790715068005,0.1092790715068005,Ghost Tequila
71,mezcalrosaluna.com,7617656729,2019-06-01,,,,,,,,,,,,,Rosaluna Mezcal
72,properwhiskey.com,7740896584,2019-07-01,632046.0,2.0,1.9523809,141.25397,619235.25,153.0,1640.0,174392.0,0.0019937478561971814,1.8749406418662426e-05,11.610293371012032,11.610293371012032,Proper 12
73,mezcalrosaluna.com,7617656729,2019-07-01,,,,,,,,,,,,,Rosaluna Mezcal
74,lossundays.com,2179286233,2019-07-01,10688.0,3243.0,3130.8767,303.40118,10315.834,317.0,259.0,6373.0,0.0020362087661459386,8.275193322325405e-05,0.8536552050171748,0.8536552050171748,Los Sundays
75,madremezcal.com,2263717464,2019-07-01,,,,,,,,,,,,,Madre Mezcal
76,thelongdrink.com,7521961287,2019-07-01,4758.0,673.0,663.0,376.7143,4659.857,391.0,18.0,842.0,0.00047965326872810213,1.0253870352857292e-05,0.04778156885993344,0.04778156885993344,The Long Drink
77,ghosttequila.com,2694491630,2019-07-01,11118.0,1551.0,1553.4667,819.0,10775.8,823.0,93.0,2217.0,0.00025120731231311226,1.0537789826395778e-05,0.11355311355311355,0.11355311355311355,Ghost Tequila
78,drinkonda.com,19344966306,2019-07-01,,,,,,,,,,,,,Onda
79,teremana.com,16168990751,2019-07-01,,,,,,,,,,,,,Teremana
80,thelongdrink.com,7521961287,2019-08-01,4747.0,702.0,683.8,405.66666,4706.3335,431.0,1.0,302.0,0.00015818122401420437,5.23778887464253e-07,0.0024650781226197324,0.0024650781226197324,The Long Drink
81,ghosttequila.com,2694491630,2019-08-01,11630.0,1693.0,1625.4839,826.74194,11216.678,834.0,63.0,2221.0,0.0002395048678924806,6.793699539498548e-06,0.07620273835872705,0.07620273835872705,Ghost Tequila
82,madremezcal.com,2263717464,2019-08-01,,,,,,,,,,,,,Madre Mezcal
83,lossundays.com,2179286233,2019-08-01,11250.0,3362.0,3246.5513,315.71262,10783.373,328.0,224.0,7004.0,0.0020573092128628977,6.579629692765406e-05,0.7095060148738491,0.7095060148738491,Los Sundays
84,properwhiskey.com,7740896584,2019-08-01,634735.0,2.0,1.976378,155.23622,627046.2,169.0,1467.0,138832.0,0.0014262543620126497,1.5070842090242575e-05,9.450114075101137,9.450114075101137,Proper 12
85,drinkonda.com,19344966306,2019-08-01,,,,,,,,,,,,,Onda
86,teremana.com,16168990751,2019-08-01,,,,,,,,,,,,,Teremana
87,mezcalrosaluna.com,7617656729,2019-08-01,,,,,,,,,,,,,Rosaluna Mezcal
88,thelongdrink.com,7521961287,2019-09-01,5003.0,721.0,703.0,389.32257,4859.4517,374.0,11.0,1113.0,0.0005882992782280224,5.814278580869942e-06,0.028254205702419363,0.028254205702419363,The Long Drink
89,lossundays.com,2179286233,2019-09-01,11763.0,3464.0,3355.3289,329.36298,11273.426,343.0,246.0,6564.0,0.0017678193537342957,6.625282769936574e-05,0.7468963358667439,0.7468963358667439,Los Sundays
90,properwhiskey.com,7740896584,2019-09-01,,,1.9882352,165.15686,630335.44,,1710.0,147982.0,0.0014214793348878887,1.6425846810141027e-05,10.353793335378224,10.353793335378224,Proper 12
91,mezcalrosaluna.com,7617656729,2019-09-01,,,,,,,,,,,,,Rosaluna Mezcal
92,drinkonda.com,19344966306,2019-09-01,,,,,,,,,,,,,Onda
93,teremana.com,16168990751,2019-09-01,,,,,,,,,,,,,Teremana
94,ghosttequila.com,2694491630,2019-09-01,,,1685.4286,836.5238,11495.444,,59.0,1981.0,0.00020600625597878144,6.135471530917771e-06,0.07052997145839447,0.07052997145839447,Ghost Tequila
95,madremezcal.com,2263717464,2019-09-01,,,,,,,,,,,,,Madre Mezcal
96,ghosttequila.com,2694491630,2019-10-01,11901.0,1794.0,1740.1417,847.34644,11699.819,858.0,120.0,3690.0,0.00037220842880834876,1.2104339148238984e-05,0.1416185812153117,0.1416185812153117,Ghost Tequila
97,madremezcal.com,2263717464,2019-10-01,16780.0,191.0,191.0,447.0,16780.0,447.0,44.0,3989.0,0.0005318198665184131,5.866150445427469e-06,0.09843400447427293,0.09843400447427293,Madre Mezcal
98,teremana.com,16168990751,2019-10-01,,,,,,,,,,,,,Teremana
99,properwhiskey.com,7740896584,2019-10-01,632463.0,2.0,1.9941292,173.09393,631401.3,181.0,976.0,117346.0,0.0010736950816756371,8.930226848085336e-06,5.638556952803819,5.638556952803819,Proper 12
100,lossundays.com,2179286233,2019-10-01,12468.0,3538.0,3446.6868,338.68375,11870.858,348.0,347.0,7628.0,0.0018972921279164774,8.63083859972493e-05,1.0245546287710323,1.0245546287710323,Los Sundays
101,thelongdrink.com,7521961287,2019-10-01,5417.0,736.0,719.7619,387.63492,5142.651,386.0,59.0,2809.0,0.0014090999696208036,2.9596617375445857e-05,0.15220507035848863,0.15220507035848863,The Long Drink
102,mezcalrosaluna.com,7617656729,2019-10-01,,,,,,,,,,,,,Rosaluna Mezcal
103,drinkonda.com,19344966306,2019-10-01,,,,,,,,,,,,,Onda
104,thelongdrink.com,7521961287,2019-11-01,5471.0,744.0,731.9764,390.3386,5308.118,393.0,70.0,3398.0,0.0016399903801636675,3.3784380992188556e-05,0.17933148640624394,0.17933148640624394,The Long Drink
105,mezcalrosaluna.com,7617656729,2019-11-01,,,,,,,,,,,,,Rosaluna Mezcal
106,lossundays.com,2179286233,2019-11-01,13337.0,3604.0,3525.353,348.34305,12604.019,358.0,271.0,6900.0,0.001571567030143073,6.172386451721345e-05,0.7779687336419757,0.7779687336419757,Los Sundays
107,properwhiskey.com,7740896584,2019-11-01,640490.0,2.0,1.9970675,182.55621,635950.06,192.0,3255.0,162760.0,0.001401935547641785,2.803698825002464e-05,17.830124429914935,17.830124429914935,Proper 12
108,madremezcal.com,2263717464,2019-11-01,17100.0,201.0,197.66667,449.0,16993.334,450.0,49.0,4905.0,0.0006428565565362081,6.4220124913912735e-06,0.1091314031180401,0.1091314031180401,Madre Mezcal
109,teremana.com,16168990751,2019-11-01,,,,,,,,,,,,,Teremana
110,drinkonda.com,19344966306,2019-11-01,,,,,,,,,,,,,Onda
111,ghosttequila.com,2694491630,2019-11-01,,,1778.9725,853.69806,11757.134,,,,,,,,Ghost Tequila
112,teremana.com,16168990751,2019-12-01,,,,,,,,,,,,,Teremana
113,lossundays.com,2179286233,2019-12-01,13751.0,3689.0,3607.1814,359.17218,13177.545,370.0,404.0,9173.0,0.0019380911449016992,8.535798784915365e-05,1.1248087193230827,1.1248087193230827,Los Sundays
114,ghosttequila.com,2694491630,2019-12-01,11727.0,1841.0,1810.047,857.8571,11742.037,862.0,81.0,2081.0,0.00020659208234931364,8.041306424937244e-06,0.09442131844946874,0.09442131844946874,Ghost Tequila
115,drinkonda.com,19344966306,2019-12-01,,,,,,,,,,,,,Onda
116,properwhiskey.com,7740896584,2019-12-01,689897.0,2.0,1.9985344,204.78896,662936.75,227.0,110623.0,193077.0,0.0014221713191229879,0.000814829616346547,540.1804976645268,540.1804976645268,Proper 12
117,mezcalrosaluna.com,7617656729,2019-12-01,,,,,,,,,,,,,Rosaluna Mezcal
118,thelongdrink.com,7521961287,2019-12-01,5389.0,776.0,754.0745,397.19608,5348.718,404.0,158.0,4388.0,0.002065437164969722,7.43708003794932e-05,0.39778842181456764,0.39778842181456764,The Long Drink
119,madremezcal.com,2263717464,2019-12-01,17693.0,205.0,201.85715,451.2857,17393.143,453.0,44.0,4592.0,0.0005850220628068577,5.60561210006571e-06,0.09749921049410559,0.09749921049410559,Madre Mezcal
120,thelongdrink.com,7521961287,2020-01-01,5400.0,871.0,812.6517,405.61447,5374.409,414.0,116.0,2410.0,0.0011055359586672427,5.3212519172365206e-05,0.28598585151425665,0.28598585151425665,The Long Drink
121,lossundays.com,2179286233,2020-01-01,14225.0,3738.0,3672.5928,369.0864,13701.288,379.0,321.0,9792.0,0.0019363415724155723,6.347688365455461e-05,0.8697150697485899,0.8697150697485899,Los Sundays
122,drinkonda.com,19344966306,2020-01-01,,,,,,,,,,,,,Onda
123,teremana.com,16168990751,2020-01-01,,,,,,,,,,,,,Teremana
124,madremezcal.com,2263717464,2020-01-01,18144.0,207.0,204.6,452.2,17793.6,453.0,46.0,4656.0,0.0005786535049696829,5.7169375490990995e-06,0.10172489774047101,0.10172489774047101,Madre Mezcal
125,mezcalrosaluna.com,7617656729,2020-01-01,,,,,,,,,,,,,Rosaluna Mezcal
126,properwhiskey.com,7740896584,2020-01-01,714203.0,2.0,1.9992673,223.89914,688576.1,243.0,11090.0,549869.0,0.003566603664835359,7.19328324437714e-05,49.53123102440639,49.53123102440639,Proper 12
127,ghosttequila.com,2694491630,2020-01-01,11744.0,2002.0,1906.1173,859.9306,11743.02,862.0,81.0,2126.0,0.00021053294821070931,8.021245910191652e-06,0.09419364738833977,0.09419364738833977,Ghost Tequila
128,mezcalrosaluna.com,7617656729,2020-02-01,,,,,,,,,,,,,Rosaluna Mezcal
129,madremezcal.com,2263717464,2020-02-01,18594.0,210.0,207.3871,454.1613,18206.709,456.0,54.0,4977.0,0.0006019024066871526,6.5305866909998474e-06,0.11890049138026672,0.11890049138026672,Madre Mezcal
130,lossundays.com,2179286233,2020-02-01,14574.0,3784.0,3728.297,378.54333,14137.65,388.0,234.0,7971.0,0.0014894295550587373,4.3724315127806354e-05,0.6181590808464421,0.6181590808464421,Los Sundays
131,thelongdrink.com,7521961287,2020-02-01,5585.0,948.0,880.39197,412.31378,5479.8076,419.0,231.0,5047.0,0.0022337786797965316,0.00010223952348583294,0.5602529195752877,0.5602529195752877,The Long Drink
132,properwhiskey.com,7740896584,2020-02-01,722574.0,2.0,1.9996338,238.95142,705577.1,254.0,1665.0,162781.0,0.0009654940711619923,9.875523731176963e-06,6.967943642113115,6.967943642113115,Proper 12
133,ghosttequila.com,2694491630,2020-02-01,11713.0,2010.0,1958.084,862.9668,11728.003,866.0,62.0,1911.0,0.00018881762686863405,6.125951264183836e-06,0.07184517437347088,0.07184517437347088,Ghost Tequila
134,teremana.com,16168990751,2020-02-01,,,,,,,,,,,,,Teremana
135,drinkonda.com,19344966306,2020-02-01,,,,,,,,,,,,,Onda
136,properwhiskey.com,7740896584,2020-03-01,733312.0,1.0,1.4997864,255.47672,719445.44,272.0,28638.0,163595.0,0.0008900631889034964,0.0001558093438296912,112.09632153814012,112.09632153814012,Proper 12
137,mezcalrosaluna.com,7617656729,2020-03-01,,,,,,,,,,,,,Rosaluna Mezcal
138,lossundays.com,2179286233,2020-03-01,14877.0,3856.0,3792.1492,389.77176,14507.328,401.0,721.0,13582.0,0.0024019608423487297,0.00012750800819713104,1.8498005134809699,1.8498005134809699,Los Sundays
139,thelongdrink.com,7521961287,2020-03-01,5794.0,1050.0,965.2374,420.16074,5636.9805,428.0,195.0,6406.0,0.002704736358071383,8.233274895783947e-05,0.464108097813838,0.464108097813838,The Long Drink
140,madremezcal.com,2263717464,2020-03-01,19014.0,214.0,210.74603,458.14285,18616.762,462.0,40.0,3386.0,0.0003969921304581711,4.689806620888023e-06,0.08730901236808844,0.08730901236808844,Madre Mezcal
141,ghosttequila.com,2694491630,2020-03-01,11671.0,2013.0,1985.5487,863.4835,11699.494,864.0,39.0,1281.0,0.00012680255136551902,3.860499221901047e-06,0.04516588802651867,0.04516588802651867,Ghost Tequila
142,drinkonda.com,19344966306,2020-03-01,,,,,,,,,,,,,Onda
143,teremana.com,16168990751,2020-03-01,,,,,,,,,,,,,Teremana
144,properwhiskey.com,7740896584,2020-04-01,731240.0,1.0,1.2498856,269.23877,725342.9,283.0,6878.0,106353.0,0.0005445889167669871,3.5219340963802964e-05,25.546098030290114,25.546098030290114,Proper 12
145,madremezcal.com,2263717464,2020-04-01,19660.0,218.0,214.40158,463.11023,19142.488,468.0,42.0,3019.0,0.00034054958002519464,4.737688758217348e-06,0.09069115153438545,0.09069115153438545,Madre Mezcal
146,lossundays.com,2179286233,2020-04-01,17115.0,3954.0,3873.075,407.38596,15811.169,425.0,958.0,11977.0,0.001859422223429577,0.00014872893796823367,2.3515783652726454,2.3515783652726454,Los Sundays
147,drinkonda.com,19344966306,2020-04-01,,,,,,,,,,,,,Onda
148,thelongdrink.com,7521961287,2020-04-01,6618.0,1294.0,1129.6588,440.08524,6127.61,460.0,308.0,7774.0,0.002882814056930464,0.0001142149124690742,0.6998644241793037,0.6998644241793037,The Long Drink
149,mezcalrosaluna.com,7617656729,2020-04-01,,,,,,,,,,,,,Rosaluna Mezcal
150,teremana.com,16168990751,2020-04-01,303957.0,3.0,3.0,28.0,303957.0,28.0,6676.0,206689.0,0.024285507489546217,0.0007844154647814375,238.42857142857142,238.42857142857142,Teremana
151,ghosttequila.com,2694491630,2020-04-01,11833.0,2015.0,2000.2761,871.2427,11766.255,879.0,22.0,1170.0,0.00011413227381969788,2.146076943618251e-06,0.025251288316739572,0.025251288316739572,Ghost Tequila
152,mezcalrosaluna.com,7617656729,2020-05-01,,,,,,,,,,,,,Rosaluna Mezcal
153,drinkonda.com,19344966306,2020-05-01,,,,,,,,,,,,,Onda
154,lossundays.com,2179286233,2020-05-01,18977.0,4017.0,3945.0376,421.693,17394.088,436.0,424.0,10062.0,0.001371785689402031,5.780532024512633e-05,1.005470820889452,1.005470820889452,Los Sundays
155,teremana.com,16168990751,2020-05-01,391923.0,3.0,3.0,35.333332,362601.0,39.0,3896.0,126892.0,0.009904228471818833,0.00030409225267318804,110.26415491155066,110.26415491155066,Teremana
156,madremezcal.com,2263717464,2020-05-01,20352.0,232.0,223.23529,467.0706,19749.615,471.0,65.0,5721.0,0.0006201986112200732,7.046479589111127e-06,0.1391652606418216,0.1391652606418216,Madre Mezcal
157,thelongdrink.com,7521961287,2020-05-01,6687.0,1296.0,1212.8396,451.04395,6407.3394,462.0,1214.0,5526.0,0.0019121162698973297,0.0004200704219426997,2.691533746581823,2.691533746581823,The Long Drink
158,properwhiskey.com,7740896584,2020-05-01,724773.0,1.0,1.1249409,281.61957,725057.94,294.0,1078.0,89480.0,0.0004382182259591126,5.2793836341520275e-06,3.8278590090495235,3.8278590090495235,Proper 12
159,ghosttequila.com,2694491630,2020-05-01,,,2007.6385,875.1216,11799.63,,,,,,,,Ghost Tequila
160,lossundays.com,2179286233,2020-06-01,19945.0,4060.0,4002.5188,432.8465,18669.545,444.0,365.0,12574.0,0.001555986473707657,4.5167413941728554e-05,0.8432550635900243,0.8432550635900243,Los Sundays
161,madremezcal.com,2263717464,2020-06-01,21495.0,254.0,238.64775,473.54794,20624.016,480.0,46.0,4582.0,0.0004691566766763352,4.7099971905524704e-06,0.09713905565166026,0.09713905565166026,Madre Mezcal
162,properwhiskey.com,7740896584,2020-06-01,,,1.06247,292.05988,723524.7,,,,,,,,Proper 12
163,thelongdrink.com,7521961287,2020-06-01,8861.0,1327.0,1269.9232,466.0229,7634.2446,481.0,1347.0,9824.0,0.002761309165870025,0.0003786119143349882,2.890415973451797,2.890415973451797,The Long Drink
164,drinkonda.com,19344966306,2020-06-01,,,,,,,,,,,,,Onda
165,teremana.com,16168990751,2020-06-01,416306.0,3.0,3.0,39.714287,393289.56,43.0,3671.0,147466.0,0.009441319867131476,0.00023503102567533972,92.43524926178063,92.43524926178063,Teremana
166,mezcalrosaluna.com,7617656729,2020-06-01,,,,,,,,,,,,,Rosaluna Mezcal
167,ghosttequila.com,2694491630,2020-06-01,,,2011.3193,877.06085,11816.315,,,,,,,,Ghost Tequila
168,mezcalrosaluna.com,7617656729,2020-07-01,,,,,,,,,,,,,Rosaluna Mezcal
169,ghosttequila.com,2694491630,2020-07-01,,,2013.1597,878.03046,11824.658,,,,,,,,Ghost Tequila
170,lossundays.com,2179286233,2020-07-01,20543.0,4089.0,4045.7595,444.92325,19606.273,457.0,444.0,12916.0,0.0014806345590071966,5.089824591198477e-05,0.99792492683949,0.99792492683949,Los Sundays
171,thelongdrink.com,7521961287,2020-07-01,9403.0,1359.0,1314.463,476.51178,8518.649,487.0,241.0,7388.0,0.0018200465692313934,5.937076653827367e-05,0.5057587455837065,0.5057587455837065,The Long Drink
172,teremana.com,16168990751,2020-07-01,468225.0,3.0,3.0,45.733334,433255.12,51.0,2812.0,160815.0,0.008116148549211508,0.00014191841383193586,61.486880124557096,61.486880124557096,Teremana
173,properwhiskey.com,7740896584,2020-07-01,719210.0,1.0,1.0312349,301.52997,721367.4,311.0,1781.0,158840.0,0.0007302522430603407,8.187983158464283e-06,5.906543917565589,5.906543917565589,Proper 12
174,drinkonda.com,19344966306,2020-07-01,,,,,,,,,,,,,Onda
175,madremezcal.com,2263717464,2020-07-01,21656.0,258.0,248.33333,476.77713,21140.512,480.0,48.0,4634.0,0.00045975357911846236,4.762229563592187e-06,0.10067596989649832,0.10067596989649832,Madre Mezcal
176,mezcalrosaluna.com,7617656729,2020-08-01,,,,,,,,,,,,,Rosaluna Mezcal
177,ghosttequila.com,2694491630,2020-08-01,,,2014.0798,878.5152,11828.829,,,,,,,,Ghost Tequila
178,thelongdrink.com,7521961287,2020-08-01,,,1354.982,485.506,10036.848,,,,,,,,The Long Drink
179,lossundays.com,2179286233,2020-08-01,,,4096.13,457.71164,20775.137,,,,,,,,Los Sundays
180,teremana.com,16168990751,2020-08-01,501210.0,3.0,3.0,51.548386,468328.62,57.0,2850.0,89298.0,0.0036989287005514226,0.00011805355995175204,55.2878614085591,55.2878614085591,Teremana
181,madremezcal.com,2263717464,2020-08-01,,,256.42062,479.89008,21702.531,,,,,,,,Madre Mezcal
182,properwhiskey.com,7740896584,2020-08-01,715498.0,1.0,1.0156174,310.765,718432.7,320.0,1438.0,171263.0,0.000767088271607903,6.440812870101332e-06,4.627290499951489,4.627290499951489,Proper 12
183,drinkonda.com,19344966306,2020-08-01,4057.0,172.0,172.0,63.0,4057.0,63.0,60.0,1837.0,0.007187264027293605,0.0002347500498843856,0.9523809523809523,0.9523809523809523,Onda
184,thelongdrink.com,7521961287,2020-09-01,13707.0,1432.0,1393.4913,493.75308,11871.9375,502.0,283.0,8772.0,0.0014964671978650907,4.827863850841549e-05,0.5731609789570019,0.5731609789570019,The Long Drink
185,lossundays.com,2179286233,2020-09-01,23345.0,4204.0,4150.065,470.8558,22060.068,484.0,302.0,8238.0,0.000793098274858895,2.9074493688684907e-05,0.641385318286606,0.641385318286606,Los Sundays
186,properwhiskey.com,7740896584,2020-09-01,,,1.5078092,319.3825,716197.8,,,,,,,,Proper 12
187,madremezcal.com,2263717464,2020-09-01,22872.0,271.0,263.7121,482.9458,22287.408,486.0,46.0,4977.0,0.00046239132657151553,4.273659036023651e-06,0.09524878345683281,0.09524878345683281,Madre Mezcal
188,mezcalrosaluna.com,7617656729,2020-09-01,,,,,,,,,,,,,Rosaluna Mezcal
189,drinkonda.com,19344966306,2020-09-01,,,183.33333,69.666664,5398.0,,,,,,,,Onda
190,teremana.com,16168990751,2020-09-01,,,3.0,58.126984,500282.1,,,,,,,,Teremana
191,ghosttequila.com,2694491630,2020-09-01,,,2014.5399,878.7576,11830.914,,,,,,,,Ghost Tequila
192,madremezcal.com,2263717464,2020-10-01,23505.0,278.0,270.8569,488.97363,22896.28,495.0,31.0,3486.0,0.00031137018706617147,2.7689259320284894e-06,0.06339810149208422,0.06339810149208422,Madre Mezcal
193,teremana.com,16168990751,2020-10-01,561264.0,3.0,3.0,65.11811,531013.1,72.0,1918.0,77230.0,0.002233464159951318,5.5467878528895874e-05,29.4541715147494,29.4541715147494,Teremana
194,mezcalrosaluna.com,7617656729,2020-10-01,9974.0,156.0,156.0,80.0,9974.0,80.0,115.0,1570.0,0.0019676158010828153,0.00014412472428313616,1.4375,1.4375,Rosaluna Mezcal
195,properwhiskey.com,7740896584,2020-10-01,712428.0,3.0,2.253905,327.69125,714312.94,336.0,5277.0,111535.0,0.0004764944051849735,2.2544142880361368e-05,16.10357292429064,16.10357292429064,Proper 12
196,thelongdrink.com,7521961287,2020-10-01,14625.0,1451.0,1422.2457,502.37656,13248.475,511.0,881.0,32887.0,0.004941161124678023,0.00013236728649135946,1.753664634192642,1.753664634192642,The Long Drink
197,ghosttequila.com,2694491630,2020-10-01,,,2014.77,878.8788,11831.957,,,,,,,,Ghost Tequila
198,lossundays.com,2179286233,2020-10-01,,,4198.032,482.42792,22880.367,,,,,,,,Los Sundays
199,drinkonda.com,19344966306,2020-10-01,8080.0,206.0,196.28572,77.28571,6930.5713,83.0,81.0,2325.0,0.004340649344350258,0.00015122262231929932,1.0480591645028778,1.0480591645028778,Onda
200,lossundays.com,2179286233,2020-11-01,,,4243.016,493.21396,23468.35,,,,,,,,Los Sundays
201,drinkonda.com,19344966306,2020-11-01,8522.0,212.0,204.66667,85.666664,7779.3335,93.0,54.0,1984.0,0.0029770588666858614,8.102881996019986e-05,0.6303502132653326,0.6303502132653326,Onda
202,ghosttequila.com,2694491630,2020-11-01,,,2014.885,878.9394,11832.479,,,,,,,,Ghost Tequila
203,mezcalrosaluna.com,7617656729,2020-11-01,10643.0,229.0,204.66667,98.666664,10420.0,108.0,70.0,1342.0,0.0013053120635245624,6.808632224047642e-05,0.7094594777457643,0.7094594777457643,Rosaluna Mezcal
204,teremana.com,16168990751,2020-11-01,580239.0,3.0,3.0,73.090195,555722.56,81.0,2185.0,108898.0,0.0026810366770367517,5.379405626664679e-05,29.89457079577014,29.89457079577014,Teremana
205,thelongdrink.com,7521961287,2020-11-01,15215.0,1472.0,1447.1229,508.6883,14231.739,515.0,787.0,10573.0,0.0014604561120973676,0.00010870887734991282,1.5471163974534783,1.5471163974534783,The Long Drink
206,properwhiskey.com,7740896584,2020-11-01,,,2.3769524,339.84564,722622.7,,,,,,,,Proper 12
207,madremezcal.com,2263717464,2020-11-01,24340.0,286.0,278.42892,497.98737,23618.184,507.0,1424.0,5682.0,0.00048309930267065884,0.00012107240531556111,2.8595102968798356,2.8595102968798356,Madre Mezcal
208,properwhiskey.com,7740896584,2020-12-01,,,2.1884763,353.92282,736029.9,,,,,,,,Proper 12
209,lossundays.com,2179286233,2020-12-01,24412.0,4330.0,4286.5083,503.60696,23940.176,514.0,223.0,8402.0,0.0006968890091778267,1.8496340043639057e-05,0.44280563195449235,0.44280563195449235,Los Sundays
210,ghosttequila.com,2694491630,2020-12-01,,,2014.9425,878.9697,11832.739,,,,,,,,Ghost Tequila
211,drinkonda.com,19344966306,2020-12-01,9422.0,228.0,216.70967,100.80645,8627.161,115.0,56.0,2661.0,0.0030597690300142874,6.439198259331082e-05,0.5555200094937501,0.5555200094937501,Onda
212,mezcalrosaluna.com,7617656729,2020-12-01,11254.0,262.0,237.42857,122.85714,10896.571,141.0,76.0,1654.0,0.0012355070873981016,5.6770579590239254e-05,0.6186046676264386,0.6186046676264386,Rosaluna Mezcal
213,thelongdrink.com,7521961287,2020-12-01,15443.0,1497.0,1472.0615,514.3442,14837.37,520.0,171.0,5092.0,0.0006672331836813348,2.240708452661199e-05,0.3324622063684472,0.3324622063684472,The Long Drink
214,teremana.com,16168990751,2020-12-01,614988.0,3.0,3.0,81.561646,585413.3,90.0,1720.0,93389.0,0.0019559022745385727,3.602299962743305e-05,21.088343538081848,21.088343538081848,Teremana
215,madremezcal.com,2263717464,2020-12-01,25755.0,302.0,290.2148,505.4939,24686.625,513.0,367.0,5891.0,0.0004720754182908262,2.940955330380805e-05,0.7260226138286204,0.7260226138286204,Madre Mezcal
216,drinkonda.com,19344966306,2021-01-01,,,242.25397,114.78836,10473.598,,,,,,,,Onda
217,mezcalrosaluna.com,7617656729,2021-01-01,11781.0,267.0,253.2,146.93333,11368.267,168.0,37.0,1258.0,0.0007531232535186439,2.2150683927018937e-05,0.25181488028929666,0.25181488028929666,Rosaluna Mezcal
218,properwhiskey.com,7740896584,2021-01-01,,,1.844238,368.9614,751985.7,,,,,,,,Proper 12
219,thelongdrink.com,7521961287,2021-01-01,15752.0,1501.0,1486.5308,521.17206,15294.686,528.0,342.0,9654.0,0.001211115656446948,4.2904656567729046e-05,0.656213230700081,0.656213230700081,The Long Drink
220,teremana.com,16168990751,2021-01-01,641275.0,3.0,3.0,91.29032,613371.44,101.0,2334.0,99573.0,0.0017782520073205956,4.168238563753498e-05,25.566784796924185,25.566784796924185,Teremana
221,ghosttequila.com,2694491630,2021-01-01,,,2014.9712,878.98486,11832.87,,,,,,,,Ghost Tequila
222,madremezcal.com,2263717464,2021-01-01,,,297.6075,491.74673,25503.492,,,,,,,,Madre Mezcal
223,lossundays.com,2179286233,2021-01-01,,,4333.254,513.55347,25252.588,,,,,,,,Los Sundays
224,mezcalrosaluna.com,7617656729,2021-02-01,,,269.78494,171.74193,11694.322,,,,,,,,Rosaluna Mezcal
225,properwhiskey.com,7740896584,2021-02-01,786446.0,1.0,1.422119,384.4807,769215.8,400.0,871.0,109065.0,0.00036877599349518153,2.945068448487628e-06,2.265393219471525,2.265393219471525,Proper 12
226,teremana.com,16168990751,2021-02-01,,,3.0,102.40059,640402.44,,,,,,,,Teremana
227,thelongdrink.com,7521961287,2021-02-01,16301.0,1565.0,1525.7654,531.08606,15797.843,541.0,116.0,4898.0,0.0005837892475689231,1.382596013025624e-05,0.21842034432960356,0.21842034432960356,The Long Drink
228,madremezcal.com,2263717464,2021-02-01,,,302.8038,467.3732,26194.584,,,,,,,,Madre Mezcal
229,drinkonda.com,19344966306,2021-02-01,,,274.37796,128.33333,12806.357,,,,,,,,Onda
230,ghosttequila.com,2694491630,2021-02-01,,,2014.9856,878.99243,11832.935,,,,,,,,Ghost Tequila
231,lossundays.com,2179286233,2021-02-01,28718.0,4430.0,4381.627,523.27673,26985.293,533.0,288.0,12998.0,0.0009204876588860171,2.0395479747589854e-05,0.5503779962269195,0.5503779962269195,Los Sundays
232,properwhiskey.com,7740896584,2021-03-01,,,1.2110596,397.74036,774997.7,,,,,,,,Proper 12
233,drinkonda.com,19344966306,2021-03-01,17943.0,345.0,309.82745,141.71895,15384.75,155.0,289.0,8467.0,0.0038833916761880738,0.00013254992257214518,2.0392474212918104,2.0392474212918104,Onda
234,ghosttequila.com,2694491630,2021-03-01,,,2014.9928,878.9962,11832.968,,,,,,,,Ghost Tequila
235,madremezcal.com,2263717464,2021-03-01,27451.0,311.0,306.90192,437.6865,26822.795,408.0,84.0,4811.0,0.000409796441963898,7.155040765946255e-06,0.1919181911226318,0.1919181911226318,Madre Mezcal
236,lossundays.com,2179286233,2021-03-01,29425.0,4465.0,4423.3135,532.13837,28205.146,541.0,298.0,13458.0,0.0008966595783281087,1.9854700129423126e-05,0.5600047255537185,0.5600047255537185,Los Sundays
237,teremana.com,16168990751,2021-03-01,693539.0,3.0,3.0,114.20318,666977.2,126.0,1580.0,100274.0,0.0013164342366991627,2.074282559770905e-05,13.834991477962987,13.834991477962987,Teremana
238,thelongdrink.com,7521961287,2021-03-01,16561.0,1575.0,1550.3827,539.543,16179.422,548.0,415.0,5352.0,0.0006130939338436093,4.7539981790937564e-05,0.7691694213253969,0.7691694213253969,The Long Drink
239,mezcalrosaluna.com,7617656729,2021-03-01,,,286.99472,197.26984,11960.825,,,,,,,,Rosaluna Mezcal
240,properwhiskey.com,7740896584,2021-04-01,775113.0,1.0,1.1055298,409.87018,775055.3,422.0,485.0,44963.0,0.00014153904542969702,1.5267316912439796e-06,1.183301508060756,1.183301508060756,Proper 12
241,teremana.com,16168990751,2021-04-01,702182.0,3.0,3.0,126.10304,684581.75,138.0,4719.0,81857.0,0.000948210895777351,5.4663708872464405e-05,37.42177748140221,37.42177748140221,Teremana
242,madremezcal.com,2263717464,2021-04-01,,,344.8796,426.2718,27627.97,,,,,,,,Madre Mezcal
243,thelongdrink.com,7521961287,2021-04-01,17071.0,1584.0,1567.1914,547.2715,16625.21,555.0,544.0,6776.0,0.0007447378270586656,5.9790049870117186e-05,0.9940221910543428,0.9940221910543428,The Long Drink
244,mezcalrosaluna.com,7617656729,2021-04-01,12438.0,322.0,304.63516,223.33858,12201.291,249.0,97.0,1576.0,0.0005783445963902445,3.5596082392039164e-05,0.4343181602814347,0.4343181602814347,Rosaluna Mezcal
245,drinkonda.com,19344966306,2021-04-01,,,331.70645,154.25897,17354.598,,,,,,,,Onda
246,lossundays.com,2179286233,2021-04-01,,,4467.1567,541.5692,29300.656,,,,,,,,Los Sundays
247,ghosttequila.com,2694491630,2021-04-01,,,2014.9965,878.9981,11832.983,,,,,,,,Ghost Tequila
248,thelongdrink.com,7521961287,2021-05-01,,,1591.2207,559.82324,17324.418,,,,,,,,The Long Drink
249,teremana.com,16168990751,2021-05-01,,,3.0,137.1772,697549.94,,,,,,,,Teremana
250,mezcalrosaluna.com,7617656729,2021-05-01,,,317.11633,246.82353,12414.792,,,,,,,,Rosaluna Mezcal
251,drinkonda.com,19344966306,2021-05-01,,,346.86804,166.39133,19024.18,,,,,,,,Onda
252,lossundays.com,2179286233,2021-05-01,,,4512.0786,551.2846,30333.994,,,,,,,,Los Sundays
253,madremezcal.com,2263717464,2021-05-01,,,399.797,423.99304,28521.629,,,,,,,,Madre Mezcal
254,ghosttequila.com,2694491630,2021-05-01,,,2014.9982,878.999,11832.992,,,,,,,,Ghost Tequila
255,properwhiskey.com,7740896584,2021-05-01,,,1.0527649,421.3101,775045.25,,,,,,,,Proper 12
256,teremana.com,16168990751,2021-06-01,,,3.0,147.83893,708200.8,,,,,,,,Teremana
257,lossundays.com,2179286233,2021-06-01,,,4557.539,561.1423,31336.248,,,,,,,,Los Sundays
258,drinkonda.com,19344966306,2021-06-01,,,358.6898,178.32649,20544.957,,,,,,,,Onda
259,ghosttequila.com,2694491630,2021-06-01,,,2014.9991,878.9995,11832.996,,,,,,,,Ghost Tequila
260,thelongdrink.com,7521961287,2021-06-01,,,1618.8604,574.7866,18150.334,,,,,,,,The Long Drink
261,mezcalrosaluna.com,7617656729,2021-06-01,,,327.07764,269.08023,12615.413,,,,,,,,Rosaluna Mezcal
262,properwhiskey.com,7740896584,2021-06-01,,,1.0263824,432.40503,775001.25,,,,,,,,Proper 12
263,madremezcal.com,2263717464,2021-06-01,,,463.18423,426.28223,29459.53,,,,,,,,Madre Mezcal
264,teremana.com,16168990751,2021-07-01,,,3.0,158.29462,717693.3,,,,,,,,Teremana
265,ghosttequila.com,2694491630,2021-07-01,,,2014.9995,878.99976,11832.998,,,,,,,,Ghost Tequila
266,properwhiskey.com,7740896584,2021-07-01,,,1.0131912,443.3275,774940.3,,,,,,,,Proper 12
267,mezcalrosaluna.com,7617656729,2021-07-01,,,335.79733,290.74878,12809.834,,,,,,,,Rosaluna Mezcal
268,drinkonda.com,19344966306,2021-07-01,23438.0,379.0,368.84738,190.16614,21991.832,202.0,347.0,7270.0,0.00173836037961026,8.297263435003579e-05,1.8247202378163112,1.8247202378163112,Onda
269,madremezcal.com,2263717464,2021-07-01,,,530.8064,430.8554,30419.55,,,,,,,,Madre Mezcal
270,thelongdrink.com,7521961287,2021-07-01,,,1648.3052,590.9558,19039.604,,,,,,,,The Long Drink
271,lossundays.com,2179286233,2021-07-01,,,4603.2695,571.07117,32322.957,,,,,,,,Los Sundays
272,lossundays.com,2179286233,2021-08-01,,,4649.135,581.0356,33301.895,,,,,,,,Los Sundays
273,mezcalrosaluna.com,7617656729,2021-08-01,,,343.90262,312.13483,13001.261,,,,,,,,Rosaluna Mezcal
274,drinkonda.com,19344966306,2021-08-01,,,375.6245,204.58482,23593.012,,,,,,,,Onda
275,madremezcal.com,2263717464,2021-08-01,,,600.5461,436.57056,31390.633,,,,,,,,Madre Mezcal
276,properwhiskey.com,7740896584,2021-08-01,,,1.0065956,454.16376,774870.9,,,,,,,,Proper 12
277,thelongdrink.com,7521961287,2021-08-01,,,1678.6526,607.7279,19960.553,,,,,,,,The Long Drink
278,ghosttequila.com,2694491630,2021-08-01,,,2014.9998,878.9999,11832.999,,,,,,,,Ghost Tequila
279,teremana.com,16168990751,2021-08-01,,,3.0,168.64738,726606.7,,,,,,,,Teremana
280,lossundays.com,2179286233,2021-09-01,35252.0,4741.0,4695.0674,591.01776,34276.95,601.0,614.0,11907.0,0.0005877595036407587,3.0308586145580405e-05,1.0388858682041693,1.0388858682041693,Los Sundays
281,thelongdrink.com,7521961287,2021-09-01,,,1709.4513,624.80145,20897.338,,,,,,,,The Long Drink
282,properwhiskey.com,7740896584,2021-09-01,,,1.0032978,464.95688,774797.25,,,,,,,,Proper 12
283,madremezcal.com,2263717464,2021-09-01,,,671.3445,442.85672,32367.244,,,,,,,,Madre Mezcal
284,ghosttequila.com,2694491630,2021-09-01,,,2014.9999,878.99994,11832.999,,,,,,,,Ghost Tequila
285,teremana.com,16168990751,2021-09-01,,,3.0,178.94873,735230.6,,,,,,,,Teremana
286,drinkonda.com,19344966306,2021-09-01,,,380.71255,220.29338,25271.408,,,,,,,,Onda
287,mezcalrosaluna.com,7617656729,2021-09-01,,,351.70322,333.3851,13191.239,,,,,,,,Rosaluna Mezcal
288,properwhiskey.com,7740896584,2021-10-01,,,1.0016489,475.72845,774721.5,,,,,,,,Proper 12
289,mezcalrosaluna.com,7617656729,2021-10-01,,,359.35254,354.57013,13380.518,,,,,,,,Rosaluna Mezcal
290,madremezcal.com,2263717464,2021-10-01,34326.0,814.0,742.67224,449.42834,33346.62,456.0,56.0,6013.0,0.00040121661527751213,3.7365924589290997e-06,0.1246027329096723,0.1246027329096723,Madre Mezcal
291,drinkonda.com,19344966306,2021-10-01,,,384.95642,236.64719,26988.457,,,,,,,,Onda
292,teremana.com,16168990751,2021-10-01,,,3.0,189.22438,743709.8,,,,,,,,Teremana
293,thelongdrink.com,7521961287,2021-10-01,,,1740.4756,642.02576,21842.045,,,,,,,,The Long Drink
294,lossundays.com,2179286233,2021-10-01,36338.0,4824.0,4759.5337,602.0089,35307.473,613.0,350.0,8594.0,0.00040432053387130784,1.6466393629853123e-05,0.5813867428330883,0.5813867428330883,Los Sundays
295,ghosttequila.com,2694491630,2021-10-01,,,2015.0,879.0,11833.0,,,,,,,,Ghost Tequila
296,drinkonda.com,19344966306,2021-11-01,,,388.77826,253.32385,28724.855,,,,,,,,Onda
297,mezcalrosaluna.com,7617656729,2021-11-01,,,366.92673,375.72385,13569.458,,177.0,929.0,0.00018221513740618905,3.471698527545259e-05,0.47109067385309883,0.47109067385309883,Rosaluna Mezcal
298,properwhiskey.com,7740896584,2021-11-01,,,1.0008245,486.48923,774644.7,,545.0,60549.0,0.000160668670607454,1.4461745938176092e-06,1.1202714662982813,1.1202714662982813,Proper 12
299,lossundays.com,2179286233,2021-11-01,,,4824.267,614.50446,36535.99,,483.0,9991.0,0.00044500312778847313,2.1513012783688573e-05,0.7859991829592271,0.7859991829592271,Los Sundays
300,madremezcal.com,2263717464,2021-11-01,,,792.8361,455.71417,34168.562,,56.0,6563.0,0.00042148600721085306,3.596406582935818e-06,0.12288404310445393,0.12288404310445393,Madre Mezcal
301,teremana.com,16168990751,2021-11-01,,,3.0,199.4872,752116.7,,1128.0,43070.0,0.00028706128006188657,7.518112930341492e-06,5.654498193419361,5.654498193419361,Teremana
302,thelongdrink.com,7521961287,2021-11-01,,,1771.6128,659.3254,22790.709,,61.0,3179.0,0.00021155967908875135,4.059496830580004e-06,0.09251881088874153,0.09251881088874153,The Long Drink
303,ghosttequila.com,2694491630,2021-11-01,,,2015.0,879.0,11833.0,,,,,,,,Ghost Tequila
304,properwhiskey.com,7740896584,2021-12-01,774490.0,1.0,1.0004122,497.2446,774567.4,508.0,,,,,,,Proper 12
305,madremezcal.com,2263717464,2021-12-01,35655.0,872.0,832.418,461.8571,34911.78,468.0,68.0,6828.0,0.00042346146281698843,4.217249483238901e-06,0.14723169143551204,0.14723169143551204,Madre Mezcal
306,teremana.com,16168990751,2021-12-01,768858.0,3.0,3.0,209.7436,760487.3,220.0,1009.0,51334.0,0.00032182842647530887,6.325727243417358e-06,4.8106353109545,4.8106353109545,Teremana
307,drinkonda.com,19344966306,2021-12-01,32217.0,396.0,392.38916,270.16205,30470.941,287.0,,,,,,,Onda
308,thelongdrink.com,7521961287,2021-12-01,24692.0,1834.0,1802.8064,676.66266,23741.355,694.0,,,,,,,The Long Drink
309,lossundays.com,2179286233,2021-12-01,39191.0,4954.0,4889.1333,627.7522,37863.492,641.0,,,,,,,Los Sundays
310,mezcalrosaluna.com,7617656729,2021-12-01,13947.0,382.0,374.4636,396.86258,13758.234,418.0,,,,,,,Rosaluna Mezcal
311,ghosttequila.com,2694491630,2021-12-01,,,2015.0,879.0,11833.0,,,,,,,,Ghost Tequila
