,canonical_brand_url,instagram_id,fct_date,fct_followers_count,fct_following_count,est_following_count,est_posts_count,est_followers_count,fct_posts_count,sum(comments_count),sum(likes_count)
0,cleanandclear.com,2683864880119081946,2014-02-01,,,,,,,,
1,neutrogena.com,2702576867654680863,2014-02-01,,,,,,,,
2,neutrogena.com,2702576867654680863,2014-03-01,,,,,,,,
3,cleanandclear.com,2683864880119081946,2014-03-01,,,,,,,,
4,cetaphil.com,327543926,2014-03-01,,,,,,,,
5,neutrogena.com,2702576867654680863,2014-04-01,,,,,,,,
6,cetaphil.com,327543926,2014-04-01,,,,,,,,
7,cleanandclear.com,2683864880119081946,2014-04-01,,,,,,,,
8,neutrogena.com,2702576867654680863,2014-05-01,,,,,,,,
9,cetaphil.com,327543926,2014-05-01,,,,,,,,
10,cleanandclear.com,2683864880119081946,2014-05-01,,,,,,,,
11,cetaphil.com,327543926,2014-06-01,,,,,,,,
12,neutrogena.com,2702576867654680863,2014-06-01,,,,,,,,
13,cleanandclear.com,2683864880119081946,2014-06-01,,,,,,,,
14,neutrogena.com,2702576867654680863,2014-07-01,,,,,,,,
15,cetaphil.com,327543926,2014-07-01,,,,,,,,
16,cleanandclear.com,2683864880119081946,2014-07-01,,,,,,,,
17,neutrogena.com,2702576867654680863,2014-08-01,,,,,,,,
18,cetaphil.com,327543926,2014-08-01,,,,,,,,
19,cleanandclear.com,2683864880119081946,2014-08-01,,,,,,,,
20,cetaphil.com,327543926,2014-09-01,,,,,,,,
21,neutrogena.com,2702576867654680863,2014-09-01,,,,,,,,
22,cleanandclear.com,2683864880119081946,2014-09-01,,,,,,,,
23,cetaphil.com,327543926,2014-10-01,,,,,,,,
24,neutrogena.com,2702576867654680863,2014-10-01,,,,,,,,
25,cleanandclear.com,2683864880119081946,2014-10-01,,,,,,,,
26,cetaphil.com,327543926,2014-11-01,,,,,,,,
27,neutrogena.com,2702576867654680863,2014-11-01,,,,,,,,
28,cleanandclear.com,2683864880119081946,2014-11-01,,,,,,,,
29,cetaphil.com,327543926,2014-12-01,,,,,,,,
30,cleanandclear.com,2683864880119081946,2014-12-01,,,,,,,,
31,neutrogena.com,2702576867654680863,2014-12-01,,,,,,,,
32,neutrogena.com,2702576867654680863,2015-01-01,,,,,,,,
33,cetaphil.com,327543926,2015-01-01,,,,,,,,
34,cleanandclear.com,2683864880119081946,2015-01-01,,,,,,,,
35,cetaphil.com,327543926,2015-02-01,,,,,,,,
36,neutrogena.com,2702576867654680863,2015-02-01,,,,,,,,
37,cleanandclear.com,2683864880119081946,2015-02-01,,,,,,,,
38,neutrogena.com,2702576867654680863,2015-03-01,,,,,,,,
39,cetaphil.com,327543926,2015-03-01,,,,,,,,
40,cleanandclear.com,2683864880119081946,2015-03-01,,,,,,,,
41,neutrogena.com,2702576867654680863,2015-04-01,,,,,,,,
42,cleanandclear.com,2683864880119081946,2015-04-01,,,,,,,,
43,cetaphil.com,327543926,2015-04-01,,,,,,,,
44,cetaphil.com,327543926,2015-05-01,,,,,,,,
45,cleanandclear.com,2683864880119081946,2015-05-01,,,,,,,,
46,neutrogena.com,2702576867654680863,2015-05-01,,,,,,,,
47,neutrogena.com,2702576867654680863,2015-06-01,,,,,,,,
48,cleanandclear.com,2683864880119081946,2015-06-01,,,,,,,,
49,cetaphil.com,327543926,2015-06-01,,,,,,,,
50,lovekinship.com,2706309817806813229,2015-07-01,,,,,,,,
51,cerave.com,2702483799947922141,2015-07-01,,,,,,,,
52,neutrogena.com,2702576867654680863,2015-07-01,,,,,,,,
53,rosenskincare.com,2700700217578606056,2015-07-01,,,,,,,,
54,innbeautyproject.com,13337820465,2015-07-01,,,,,,,,
55,cleanandclear.com,2683864880119081946,2015-07-01,,,,,,,,
56,cetaphil.com,327543926,2015-07-01,,,,,,,,
57,hellobubble.com,12011987834,2015-07-01,,,,,,,,
58,lovekinship.com,2706309817806813229,2015-08-01,,,,,,,,
59,innbeautyproject.com,13337820465,2015-08-01,,,,,,,,
60,cleanandclear.com,2683864880119081946,2015-08-01,,,,,,,,
61,cerave.com,2702483799947922141,2015-08-01,,,,,,,,
62,rosenskincare.com,2700700217578606056,2015-08-01,,,,,,,,
63,cetaphil.com,327543926,2015-08-01,,,,,,,,
64,hellobubble.com,12011987834,2015-08-01,,,,,,,,
65,neutrogena.com,2702576867654680863,2015-08-01,,,,,,,,
66,innbeautyproject.com,13337820465,2015-09-01,,,,,,,,
67,lovekinship.com,2706309817806813229,2015-09-01,,,,,,,,
68,cleanandclear.com,2683864880119081946,2015-09-01,,,,,,,,
69,hellobubble.com,12011987834,2015-09-01,,,,,,,,
70,rosenskincare.com,2700700217578606056,2015-09-01,,,,,,,,
71,neutrogena.com,2702576867654680863,2015-09-01,,,,,,,,
72,cerave.com,2702483799947922141,2015-09-01,,,,,,,,
73,cetaphil.com,327543926,2015-09-01,,,,,,,,
74,innbeautyproject.com,13337820465,2015-10-01,,,,,,,,
75,lovekinship.com,2706309817806813229,2015-10-01,,,,,,,,
76,rosenskincare.com,2700700217578606056,2015-10-01,,,,,,,,
77,cetaphil.com,327543926,2015-10-01,,,,,,,,
78,cerave.com,2702483799947922141,2015-10-01,,,,,,,,
79,cleanandclear.com,2683864880119081946,2015-10-01,,,,,,,,
80,neutrogena.com,2702576867654680863,2015-10-01,,,,,,,,
81,hellobubble.com,12011987834,2015-10-01,,,,,,,,
82,rosenskincare.com,2700700217578606056,2015-11-01,,,,,,,,
83,lovekinship.com,2706309817806813229,2015-11-01,,,,,,,,
84,cleanandclear.com,2683864880119081946,2015-11-01,,,,,,,,
85,hellobubble.com,12011987834,2015-11-01,,,,,,,,
86,innbeautyproject.com,13337820465,2015-11-01,,,,,,,,
87,cerave.com,2702483799947922141,2015-11-01,,,,,,,,
88,neutrogena.com,2702576867654680863,2015-11-01,,,,,,,,
89,cetaphil.com,327543926,2015-11-01,,,,,,,,
90,neutrogena.com,2702576867654680863,2015-12-01,,,,,,,,
91,rosenskincare.com,2700700217578606056,2015-12-01,,,,,,,,
92,cetaphil.com,327543926,2015-12-01,,,,,,,,
93,cleanandclear.com,2683864880119081946,2015-12-01,,,,,,,,
94,cerave.com,2702483799947922141,2015-12-01,,,,,,,,
95,lovekinship.com,2706309817806813229,2015-12-01,,,,,,,,
96,hellobubble.com,12011987834,2015-12-01,,,,,,,,
97,innbeautyproject.com,13337820465,2015-12-01,,,,,,,,
98,cleanandclear.com,2683864880119081946,2016-01-01,,,127.0,498.42856,39461.43,,,
99,hellobubble.com,12011987834,2016-01-01,,,,,,,,
100,cerave.com,2702483799947922141,2016-01-01,,,,,,,,
101,cetaphil.com,327543926,2016-01-01,,,,,,,,
102,innbeautyproject.com,13337820465,2016-01-01,,,,,,,,
103,neutrogena.com,2702576867654680863,2016-01-01,,,,,,,,
104,lovekinship.com,2706309817806813229,2016-01-01,,,,,,,,
105,rosenskincare.com,2700700217578606056,2016-01-01,,,,,,,,
106,cleanandclear.com,2683864880119081946,2016-02-01,41806.0,127.0,127.0,505.13333,40711.867,511.0,,
107,neutrogena.com,2702576867654680863,2016-02-01,49992.0,175.0,175.0,175.0,49992.0,175.0,,
108,lovekinship.com,2706309817806813229,2016-02-01,,,,,,,,
109,cerave.com,2702483799947922141,2016-02-01,,,,,,,,
110,rosenskincare.com,2700700217578606056,2016-02-01,,,,,,,,
111,cetaphil.com,327543926,2016-02-01,,,,,,,,
112,hellobubble.com,12011987834,2016-02-01,,,,,,,,
113,innbeautyproject.com,13337820465,2016-02-01,,,,,,,,
114,rosenskincare.com,2700700217578606056,2016-03-01,,,,,,,,
115,cleanandclear.com,2683864880119081946,2016-03-01,43569.0,127.0,127.0,508.1613,42186.516,511.0,,
116,innbeautyproject.com,13337820465,2016-03-01,,,,,,,,
117,lovekinship.com,2706309817806813229,2016-03-01,,,,,,,,
118,cetaphil.com,327543926,2016-03-01,6901.0,102.0,102.0,102.0,6901.0,102.0,,
119,neutrogena.com,2702576867654680863,2016-03-01,59822.0,176.0,175.66667,194.33333,56545.332,204.0,,
120,hellobubble.com,12011987834,2016-03-01,,,,,,,,
121,cerave.com,2702483799947922141,2016-03-01,,,,,,,,
122,rosenskincare.com,2700700217578606056,2016-04-01,,,,,,,,
123,cerave.com,2702483799947922141,2016-04-01,,,,,,,,
124,cleanandclear.com,2683864880119081946,2016-04-01,,,127.25397,511.38095,43920.855,,,
125,innbeautyproject.com,13337820465,2016-04-01,,,,,,,,
126,neutrogena.com,2702576867654680863,2016-04-01,,,175.85715,215.09525,63792.953,,,
127,cetaphil.com,327543926,2016-04-01,,,102.666664,112.0,7212.0,,,
128,hellobubble.com,12011987834,2016-04-01,,,,,,,,
129,lovekinship.com,2706309817806813229,2016-04-01,,,,,,,,
130,innbeautyproject.com,13337820465,2016-05-01,,,,,,,,
131,lovekinship.com,2706309817806813229,2016-05-01,,,,,,,,
132,cleanandclear.com,2683864880119081946,2016-05-01,47633.0,128.0,127.62992,514.71655,45791.543,518.0,,
133,hellobubble.com,12011987834,2016-05-01,,,,,,,,
134,cetaphil.com,327543926,2016-05-01,7834.0,104.0,103.42857,123.42857,7567.4287,132.0,,
135,rosenskincare.com,2700700217578606056,2016-05-01,,,,,,,,
136,cerave.com,2702483799947922141,2016-05-01,,,,,,,,
137,neutrogena.com,2702576867654680863,2016-05-01,,,175.93333,237.62222,71708.89,,,
138,cerave.com,2702483799947922141,2016-06-01,,,,,,,,
139,neutrogena.com,2702576867654680863,2016-06-01,88042.0,176.0,175.96774,261.55914,80138.88,284.0,,
140,innbeautyproject.com,13337820465,2016-06-01,,,,,,,,
141,hellobubble.com,12011987834,2016-06-01,,,,,,,,
142,lovekinship.com,2706309817806813229,2016-06-01,,,,,,,,
143,rosenskincare.com,2700700217578606056,2016-06-01,,,,,,,,
144,cetaphil.com,327543926,2016-06-01,8218.0,108.0,105.86667,145.06667,7914.4,164.0,,
145,cleanandclear.com,2683864880119081946,2016-06-01,48398.0,130.0,128.81961,519.37646,47099.883,524.0,,
146,cerave.com,2702483799947922141,2016-07-01,,,,,,,,
147,cetaphil.com,327543926,2016-07-01,,,108.860214,159.48387,8331.397,,,
148,hellobubble.com,12011987834,2016-07-01,,,,,,,,
149,rosenskincare.com,2700700217578606056,2016-07-01,,,,,,,,
150,innbeautyproject.com,13337820465,2016-07-01,,,,,,,,
151,lovekinship.com,2706309817806813229,2016-07-01,,,,,,,,
152,cleanandclear.com,2683864880119081946,2016-07-01,,,135.75668,525.70056,51418.71,,,
153,neutrogena.com,2702576867654680863,2016-07-01,94213.0,174.0,174.96825,282.10052,87287.64,302.0,,
154,rosenskincare.com,2700700217578606056,2016-08-01,,,,,,,,
155,cerave.com,2702483799947922141,2016-08-01,,,,,,,,
156,cetaphil.com,327543926,2016-08-01,,,112.14815,170.92064,8786.138,,,
157,cleanandclear.com,2683864880119081946,2016-08-01,,,145.55458,532.8573,57236.703,,,
158,innbeautyproject.com,13337820465,2016-08-01,,,,,,,,
159,neutrogena.com,2702576867654680863,2016-08-01,113428.0,174.0,174.48032,310.7743,100460.734,339.0,,
160,hellobubble.com,12011987834,2016-08-01,,,,,,,,
161,lovekinship.com,2706309817806813229,2016-08-01,,,,,,,,
162,lovekinship.com,2706309817806813229,2016-09-01,,,,,,,,
163,hellobubble.com,12011987834,2016-09-01,,,,,,,,
164,cetaphil.com,327543926,2016-09-01,9731.0,119.0,115.60105,181.03937,9262.289,191.0,,
165,innbeautyproject.com,13337820465,2016-09-01,,,,,,,,
166,neutrogena.com,2702576867654680863,2016-09-01,,,174.40654,337.49152,110939.63,,,
167,rosenskincare.com,2700700217578606056,2016-09-01,,,,,,,,
168,cerave.com,2702483799947922141,2016-09-01,,,,,,,,
169,cleanandclear.com,2683864880119081946,2016-09-01,70366.0,168.0,156.78278,540.4323,63804.56,548.0,,
170,hellobubble.com,12011987834,2016-10-01,,,,,,,,
171,lovekinship.com,2706309817806813229,2016-10-01,,,,,,,,
172,rosenskincare.com,2700700217578606056,2016-10-01,,,,,,,,
173,neutrogena.com,2702576867654680863,2016-10-01,,,174.53685,363.29614,120110.4,,,
174,cetaphil.com,327543926,2016-10-01,,,117.056206,186.54118,9988.23,,,
175,cleanandclear.com,2683864880119081946,2016-10-01,,,162.39276,547.21783,67185.6,,,
176,innbeautyproject.com,13337820465,2016-10-01,,,,,,,,
177,cerave.com,2702483799947922141,2016-10-01,,,,,,,,
178,cetaphil.com,327543926,2016-11-01,11686.0,118.0,117.52903,189.7769,10838.776,193.0,,
179,lovekinship.com,2706309817806813229,2016-11-01,,,,,,,,
180,cerave.com,2702483799947922141,2016-11-01,,,,,,,,
181,innbeautyproject.com,13337820465,2016-11-01,,,,,,,,
182,cleanandclear.com,2683864880119081946,2016-11-01,70764.0,168.0,165.19672,553.6097,68975.02,560.0,,
183,neutrogena.com,2702576867654680863,2016-11-01,137154.0,175.0,174.76866,388.67285,128640.53,414.0,,
184,hellobubble.com,12011987834,2016-11-01,,,,,,,,
185,rosenskincare.com,2700700217578606056,2016-11-01,,,,,,,,
186,lovekinship.com,2706309817806813229,2016-12-01,,,,,,,,
187,neutrogena.com,2702576867654680863,2016-12-01,143612.0,175.0,174.88438,415.34946,136129.92,442.0,,
188,cetaphil.com,327543926,2016-12-01,,,117.5145,191.39003,11417.954,,,
189,innbeautyproject.com,13337820465,2016-12-01,,,,,,,,
190,hellobubble.com,12011987834,2016-12-01,,,,,,,,
191,rosenskincare.com,2700700217578606056,2016-12-01,,,,,,,,
192,cleanandclear.com,2683864880119081946,2016-12-01,71071.0,183.0,174.0989,558.8052,70023.08,564.0,,
193,cerave.com,2702483799947922141,2016-12-01,,,,,,,,
194,innbeautyproject.com,13337820465,2017-01-01,,,,,,,,
195,lovekinship.com,2706309817806813229,2017-01-01,,,,,,,,
196,cetaphil.com,327543926,2017-01-01,12306.0,117.0,117.257126,192.1954,11862.193,193.0,,
197,hellobubble.com,12011987834,2017-01-01,,,,,,,,
198,cleanandclear.com,2683864880119081946,2017-01-01,,,185.29979,565.4028,70587.555,,,
199,neutrogena.com,2702576867654680863,2017-01-01,151164.0,175.0,174.9422,441.18103,143648.8,467.0,,
200,cerave.com,2702483799947922141,2017-01-01,,,,,,,,
201,rosenskincare.com,2700700217578606056,2017-01-01,,,,,,,,
202,cetaphil.com,327543926,2017-02-01,12756.0,117.0,117.12853,192.59781,12309.206,193.0,,
203,hellobubble.com,12011987834,2017-02-01,,,,,,,,
204,neutrogena.com,2702576867654680863,2017-02-01,158662.0,175.0,174.9711,466.09357,151156.31,491.0,,
205,lovekinship.com,2706309817806813229,2017-02-01,,,,,,,,
206,cerave.com,2702483799947922141,2017-02-01,,,,,,,,
207,cleanandclear.com,2683864880119081946,2017-02-01,71233.0,210.0,197.65009,572.7015,70910.28,580.0,,
208,innbeautyproject.com,13337820465,2017-02-01,,,,,,,,
209,rosenskincare.com,2700700217578606056,2017-02-01,,,,,,,,
210,innbeautyproject.com,13337820465,2017-03-01,,,,,,,,
211,hellobubble.com,12011987834,2017-03-01,,,,,,,,
212,cleanandclear.com,2683864880119081946,2017-03-01,71978.0,209.0,203.32509,580.3508,71444.15,588.0,,
213,neutrogena.com,2702576867654680863,2017-03-01,166367.0,175.0,174.98555,488.04813,158762.12,510.0,,
214,cetaphil.com,327543926,2017-03-01,13106.0,118.0,117.564316,192.79892,12707.651,193.0,,
215,cerave.com,2702483799947922141,2017-03-01,,,,,,,,
216,rosenskincare.com,2700700217578606056,2017-03-01,,,,,,,,
217,lovekinship.com,2706309817806813229,2017-03-01,,,,,,,,
218,innbeautyproject.com,13337820465,2017-04-01,,,,,,,,
219,neutrogena.com,2702576867654680863,2017-04-01,179415.0,175.0,174.99278,505.5246,169088.88,523.0,,
220,lovekinship.com,2706309817806813229,2017-04-01,,,,,,,,
221,hellobubble.com,12011987834,2017-04-01,,,,,,,,
222,cerave.com,2702483799947922141,2017-04-01,,,,,,,,
223,cleanandclear.com,2683864880119081946,2017-04-01,73676.0,209.0,206.16255,592.6755,72560.08,605.0,,
224,cetaphil.com,327543926,2017-04-01,13576.0,118.0,117.78217,192.89948,13141.853,193.0,,
225,rosenskincare.com,2700700217578606056,2017-04-01,,,,,,,,
226,hellobubble.com,12011987834,2017-05-01,,,,,,,,
227,neutrogena.com,2702576867654680863,2017-05-01,191286.0,175.0,174.99638,521.2625,180187.61,537.0,,
228,innbeautyproject.com,13337820465,2017-05-01,,,,,,,,
229,cleanandclear.com,2683864880119081946,2017-05-01,75272.0,215.0,210.58128,605.33777,73916.04,618.0,,
230,cerave.com,2702483799947922141,2017-05-01,,,,,,,,
231,cetaphil.com,327543926,2017-05-01,14120.0,118.0,117.89109,193.94977,13630.941,195.0,,
232,lovekinship.com,2706309817806813229,2017-05-01,,,,,,,,
233,rosenskincare.com,2700700217578606056,2017-05-01,,,,,,,,
234,cerave.com,2702483799947922141,2017-06-01,,,,,,,,
235,cetaphil.com,327543926,2017-06-01,15083.0,121.0,119.44557,194.9749,14356.981,196.0,,
236,lovekinship.com,2706309817806813229,2017-06-01,,,,,,,,
237,hellobubble.com,12011987834,2017-06-01,,,,,,,,
238,innbeautyproject.com,13337820465,2017-06-01,,,,,,,,
239,neutrogena.com,2702576867654680863,2017-06-01,207586.0,174.0,174.49818,542.6314,193886.9,564.0,,
240,rosenskincare.com,2700700217578606056,2017-06-01,,,,,,,,
241,cleanandclear.com,2683864880119081946,2017-06-01,77410.0,217.0,213.79065,617.6689,75663.02,630.0,,
242,hellobubble.com,12011987834,2017-07-01,,,,,,,,
243,innbeautyproject.com,13337820465,2017-07-01,,,,,,,,
244,cetaphil.com,327543926,2017-07-01,15894.0,121.0,120.22279,196.48746,15125.497,198.0,847.0,10907.0
245,neutrogena.com,2702576867654680863,2017-07-01,215430.0,175.0,174.7491,561.8158,204658.5,581.0,,
246,lovekinship.com,2706309817806813229,2017-07-01,,,,,,,,
247,rosenskincare.com,2700700217578606056,2017-07-01,,,,,,,,
248,cerave.com,2702483799947922141,2017-07-01,,,,,,,,
249,cleanandclear.com,2683864880119081946,2017-07-01,78381.0,216.0,214.89532,623.8345,77022.016,630.0,,
250,innbeautyproject.com,13337820465,2017-08-01,,,,,,,,
251,cleanandclear.com,2683864880119081946,2017-08-01,,,216.44766,629.91724,79928.26,,,
252,rosenskincare.com,2700700217578606056,2017-08-01,,,,,,,,
253,neutrogena.com,2702576867654680863,2017-08-01,,,174.87454,587.8079,218465.38,,,
254,hellobubble.com,12011987834,2017-08-01,,,,,,,,
255,cetaphil.com,327543926,2017-08-01,,,119.61139,199.24374,16248.003,,,
256,lovekinship.com,2706309817806813229,2017-08-01,,,,,,,,
257,cerave.com,2702483799947922141,2017-08-01,,,,,,,,
258,cerave.com,2702483799947922141,2017-09-01,,,,,,,,
259,cetaphil.com,327543926,2017-09-01,18847.0,117.0,118.305695,202.62187,17547.504,206.0,38.0,669.0
260,cleanandclear.com,2683864880119081946,2017-09-01,87288.0,220.0,218.22383,635.9586,83608.125,642.0,,
261,innbeautyproject.com,13337820465,2017-09-01,,,,,,,,
262,neutrogena.com,2702576867654680863,2017-09-01,,,174.93727,617.204,233789.9,,,
263,rosenskincare.com,2700700217578606056,2017-09-01,,,,,,,,
264,lovekinship.com,2706309817806813229,2017-09-01,,,,,,,,
265,hellobubble.com,12011987834,2017-09-01,,,,,,,,
266,neutrogena.com,2702576867654680863,2017-10-01,,,174.96864,648.302,249873.27,,,
267,cetaphil.com,327543926,2017-10-01,19754.0,124.0,121.15285,108.31085,18650.754,14.0,147.0,1913.0
268,rosenskincare.com,2700700217578606056,2017-10-01,,,,,,,,
269,cleanandclear.com,2683864880119081946,2017-10-01,89916.0,220.0,219.11192,641.4793,86762.06,647.0,,
270,cerave.com,2702483799947922141,2017-10-01,,,,,,,,
271,hellobubble.com,12011987834,2017-10-01,,,,,,,,
272,innbeautyproject.com,13337820465,2017-10-01,,,,,,,,
273,lovekinship.com,2706309817806813229,2017-10-01,,,,,,,,
274,rosenskincare.com,2700700217578606056,2017-11-01,,,,,,,,
275,innbeautyproject.com,13337820465,2017-11-01,,,,,,,,
276,cerave.com,2702483799947922141,2017-11-01,,,,,,,,
277,cleanandclear.com,2683864880119081946,2017-11-01,,,219.30595,644.9896,89052.53,,,
278,neutrogena.com,2702576867654680863,2017-11-01,,,174.98431,680.25104,266336.03,,,
279,cetaphil.com,327543926,2017-11-01,,,122.82642,62.905403,19582.877,,,
280,hellobubble.com,12011987834,2017-11-01,,,,,,,,
281,lovekinship.com,2706309817806813229,2017-11-01,,,,,,,,
282,cetaphil.com,327543926,2017-12-01,21276.0,125.0,123.913216,41.952698,20429.44,21.0,71.0,307.0
283,neutrogena.com,2702576867654680863,2017-12-01,299641.0,175.0,174.99216,712.6255,282988.53,745.0,,
284,lovekinship.com,2706309817806813229,2017-12-01,,,,,,,,
285,hellobubble.com,12011987834,2017-12-01,,,,,,,,
286,rosenskincare.com,2700700217578606056,2017-12-01,,,,,,,,
287,innbeautyproject.com,13337820465,2017-12-01,,,,,,,,
288,cerave.com,2702483799947922141,2017-12-01,,,,,,,,
289,cleanandclear.com,2683864880119081946,2017-12-01,92770.0,219.0,219.15298,647.4948,90911.266,650.0,,
290,cetaphil.com,327543926,2018-01-01,23023.0,139.0,131.4566,32.97635,21726.219,24.0,,
291,cleanandclear.com,2683864880119081946,2018-01-01,94627.0,220.0,219.57649,649.24744,92769.13,651.0,,
292,neutrogena.com,2702576867654680863,2018-01-01,314909.0,185.0,179.99608,743.81274,298948.75,775.0,,
293,innbeautyproject.com,13337820465,2018-01-01,,,,,,,,
294,lovekinship.com,2706309817806813229,2018-01-01,,,,,,,,
295,hellobubble.com,12011987834,2018-01-01,,,,,,,,
296,rosenskincare.com,2700700217578606056,2018-01-01,,,,,,,,
297,cerave.com,2702483799947922141,2018-01-01,,,,,,,,
298,innbeautyproject.com,13337820465,2018-02-01,,,,,,,,
299,lovekinship.com,2706309817806813229,2018-02-01,,,,,,,,
300,hellobubble.com,12011987834,2018-02-01,,,,,,,,
301,rosenskincare.com,2700700217578606056,2018-02-01,,,,,,,,
302,neutrogena.com,2702576867654680863,2018-02-01,328656.0,185.0,182.49805,775.9064,313802.38,808.0,,
303,cetaphil.com,327543926,2018-02-01,24376.0,139.0,135.2283,28.488173,23051.11,24.0,,
304,cleanandclear.com,2683864880119081946,2018-02-01,95964.0,220.0,219.78824,651.6237,94366.57,654.0,,
305,cerave.com,2702483799947922141,2018-02-01,7317.0,0.0,0.0,33.0,7317.0,33.0,,
306,rosenskincare.com,2700700217578606056,2018-03-01,,,,,,,,
307,lovekinship.com,2706309817806813229,2018-03-01,,,,,,,,
308,cleanandclear.com,2683864880119081946,2018-03-01,98443.0,227.0,223.39412,334.81186,96404.78,18.0,,
309,innbeautyproject.com,13337820465,2018-03-01,,,,,,,,
310,neutrogena.com,2702576867654680863,2018-03-01,344572.0,185.0,183.74902,806.9532,329187.2,838.0,,
311,cetaphil.com,327543926,2018-03-01,25896.0,139.0,137.11415,26.244087,24473.555,24.0,,
312,hellobubble.com,12011987834,2018-03-01,,,,,,,,
313,cerave.com,2702483799947922141,2018-03-01,12097.0,0.0,0.0,43.0,10503.667,48.0,,
314,cleanandclear.com,2683864880119081946,2018-04-01,105960.0,231.0,227.19707,187.90593,101182.39,41.0,,
315,lovekinship.com,2706309817806813229,2018-04-01,,,,,,,,
316,neutrogena.com,2702576867654680863,2018-04-01,382784.0,198.0,190.87451,864.9766,355985.6,923.0,,
317,rosenskincare.com,2700700217578606056,2018-04-01,,,,,,,,
318,innbeautyproject.com,13337820465,2018-04-01,,,,,,,,
319,cerave.com,2702483799947922141,2018-04-01,15220.0,0.0,0.0,51.57143,13198.714,58.0,,
320,hellobubble.com,12011987834,2018-04-01,,,,,,,,
321,cetaphil.com,327543926,2018-04-01,28194.0,139.0,138.05708,25.122044,26333.777,24.0,59.0,462.0
322,cetaphil.com,327543926,2018-05-01,28550.0,139.0,138.52853,25.561022,27441.889,26.0,104.0,780.0
323,hellobubble.com,12011987834,2018-05-01,,,,,,,,
324,lovekinship.com,2706309817806813229,2018-05-01,,,,,,,,
325,cerave.com,2702483799947922141,2018-05-01,17339.0,0.0,0.0,59.266666,15406.866,66.0,,
326,cleanandclear.com,2683864880119081946,2018-05-01,108013.0,267.0,247.09853,119.452965,104597.695,51.0,,
327,innbeautyproject.com,13337820465,2018-05-01,,,,,,,,
328,neutrogena.com,2702576867654680863,2018-05-01,402481.0,199.0,194.93726,910.4883,379233.3,956.0,,
329,rosenskincare.com,2700700217578606056,2018-05-01,,,,,,,,
330,hellobubble.com,12011987834,2018-06-01,,,,,,,,
331,neutrogena.com,2702576867654680863,2018-06-01,421286.0,199.0,196.96863,951.74414,400259.66,993.0,,
332,innbeautyproject.com,13337820465,2018-06-01,,,,,,,,
333,cerave.com,2702483799947922141,2018-06-01,19076.0,0.0,0.0,66.354836,17300.613,73.0,,
334,lovekinship.com,2706309817806813229,2018-06-01,,,,,,,,
335,cetaphil.com,327543926,2018-06-01,28931.0,139.0,138.76427,27.28051,28186.445,29.0,234.0,3117.0
336,rosenskincare.com,2700700217578606056,2018-06-01,,,,,,,,
337,cleanandclear.com,2683864880119081946,2018-06-01,109462.0,271.0,259.04926,90.22648,107029.85,61.0,,
338,rosenskincare.com,2700700217578606056,2018-07-01,,,,,,,,
339,cleanandclear.com,2683864880119081946,2018-07-01,112473.0,270.0,264.52463,80.61324,109751.42,71.0,,
340,innbeautyproject.com,13337820465,2018-07-01,,,,,,,,
341,cerave.com,2702483799947922141,2018-07-01,21491.0,0.0,0.0,72.77778,19429.064,79.0,,
342,cetaphil.com,327543926,2018-07-01,30552.0,154.0,146.38214,31.640255,29369.223,36.0,100.0,2591.0
343,hellobubble.com,12011987834,2018-07-01,,,,,,,,
344,neutrogena.com,2702576867654680863,2018-07-01,435968.0,199.0,197.98431,986.8721,418113.8,1022.0,,
345,lovekinship.com,2706309817806813229,2018-07-01,,,,,,,,
346,rosenskincare.com,2700700217578606056,2018-08-01,,,,,,,,
347,cleanandclear.com,2683864880119081946,2018-08-01,116546.0,267.0,265.76233,83.30662,113148.71,86.0,,
348,cerave.com,2702483799947922141,2018-08-01,23596.0,0.0,0.0,84.98425,21528.938,97.0,,
349,innbeautyproject.com,13337820465,2018-08-01,,,,,,,,
350,cetaphil.com,327543926,2018-08-01,31717.0,154.0,150.19107,35.82013,30543.111,40.0,77.0,2711.0
351,hellobubble.com,12011987834,2018-08-01,,,,,,,,
352,lovekinship.com,2706309817806813229,2018-08-01,,,,,,,,
353,neutrogena.com,2702576867654680863,2018-08-01,445736.0,199.0,198.49216,1021.93604,431924.9,1057.0,,
354,neutrogena.com,2702576867654680863,2018-09-01,452355.0,198.0,198.24608,1053.968,442139.97,1086.0,,
355,rosenskincare.com,2700700217578606056,2018-09-01,,,,,,,,
356,cetaphil.com,327543926,2018-09-01,32560.0,166.0,158.09554,41.410065,31551.555,47.0,173.0,4476.0
357,innbeautyproject.com,13337820465,2018-09-01,,,,,,,,
358,cerave.com,2702483799947922141,2018-09-01,25812.0,3.0,1.5058824,97.541176,23678.867,110.0,,
359,lovekinship.com,2706309817806813229,2018-09-01,,,,,,,,
360,cleanandclear.com,2683864880119081946,2018-09-01,118194.0,263.0,264.38116,87.65331,115671.36,92.0,,
361,hellobubble.com,12011987834,2018-09-01,,,,,,,,
362,cerave.com,2702483799947922141,2018-10-01,27905.0,4.0,2.7553816,109.79452,25796.068,122.0,,
363,lovekinship.com,2706309817806813229,2018-10-01,,,,,,,,
364,neutrogena.com,2702576867654680863,2018-10-01,464058.0,199.0,198.62303,1084.484,453098.97,1115.0,,
365,innbeautyproject.com,13337820465,2018-10-01,,,,,,,,
366,cleanandclear.com,2683864880119081946,2018-10-01,118680.0,272.0,268.19058,95.32665,117175.68,103.0,,
367,hellobubble.com,12011987834,2018-10-01,,,,,,,,
368,rosenskincare.com,2700700217578606056,2018-10-01,,,,,,,,
369,cetaphil.com,327543926,2018-10-01,33736.0,166.0,162.04776,48.205032,32643.777,55.0,28.0,1048.0
370,rosenskincare.com,2700700217578606056,2018-11-01,,,,,,,,
371,hellobubble.com,12011987834,2018-11-01,,,,,,,,
372,cleanandclear.com,2683864880119081946,2018-11-01,120790.0,292.0,280.09528,104.66333,118982.836,114.0,,
373,cerave.com,2702483799947922141,2018-11-01,30862.0,5.0,3.878788,123.41056,28331.51,137.0,,
374,innbeautyproject.com,13337820465,2018-11-01,,,,,,,,
375,neutrogena.com,2702576867654680863,2018-11-01,479535.0,200.0,199.31152,1120.7421,466317.0,1157.0,,
376,lovekinship.com,2706309817806813229,2018-11-01,,,,,,,,
377,cetaphil.com,327543926,2018-11-01,35262.0,166.0,164.02388,53.602516,33952.89,59.0,75.0,1186.0
378,innbeautyproject.com,13337820465,2018-12-01,,,,,,,,
379,lovekinship.com,2706309817806813229,2018-12-01,,,,,,,,
380,neutrogena.com,2702576867654680863,2018-12-01,486062.0,201.0,200.15576,1145.871,476189.5,1171.0,,
381,cetaphil.com,327543926,2018-12-01,37014.0,167.0,165.51195,55.301258,35483.445,57.0,101.0,2919.0
382,rosenskincare.com,2700700217578606056,2018-12-01,,,,,,,,
383,cerave.com,2702483799947922141,2018-12-01,33123.0,6.0,4.939912,137.71227,30728.426,152.0,,
384,cleanandclear.com,2683864880119081946,2018-12-01,122746.0,295.0,287.54764,114.331665,120864.42,124.0,,
385,hellobubble.com,12011987834,2018-12-01,,,,,,,,
386,neutrogena.com,2702576867654680863,2019-01-01,497627.0,201.0,200.57788,1167.9355,486908.25,1190.0,,
387,cleanandclear.com,2683864880119081946,2019-01-01,122630.0,295.0,291.27383,124.66583,121747.21,135.0,,
388,innbeautyproject.com,13337820465,2019-01-01,,,,,,,,
389,lovekinship.com,2706309817806813229,2019-01-01,,,,,,,,
390,rosenskincare.com,2700700217578606056,2019-01-01,,,,,,,,
391,cerave.com,2702483799947922141,2019-01-01,35117.0,6.0,5.4700856,153.86008,32923.25,170.0,,
392,cetaphil.com,327543926,2019-01-01,37866.0,167.0,166.25597,58.650627,36674.723,62.0,,
393,hellobubble.com,12011987834,2019-01-01,,,,,,,,
394,cleanandclear.com,2683864880119081946,2019-02-01,124458.0,300.0,295.6369,134.33292,123102.6,144.0,,
395,rosenskincare.com,2700700217578606056,2019-02-01,,,,,,,,
396,cerave.com,2702483799947922141,2019-02-01,37671.0,7.0,6.235136,168.43181,35297.414,183.0,,
397,cetaphil.com,327543926,2019-02-01,39042.0,167.0,166.62799,60.325314,37858.36,62.0,,
398,innbeautyproject.com,13337820465,2019-02-01,,,,,,,,
399,hellobubble.com,12011987834,2019-02-01,,,,,,,,
400,lovekinship.com,2706309817806813229,2019-02-01,,,,,,,,
401,neutrogena.com,2702576867654680863,2019-02-01,521182.0,203.0,201.78894,1190.4678,504045.12,1213.0,,
402,rosenskincare.com,2700700217578606056,2019-03-01,14824.0,751.0,751.0,1052.0,14824.0,1052.0,,
403,lovekinship.com,2706309817806813229,2019-03-01,,,,,,,,
404,neutrogena.com,2702576867654680863,2019-03-01,542803.0,203.0,202.39447,1213.7339,523424.06,1237.0,,
405,cerave.com,2702483799947922141,2019-03-01,40008.0,7.0,6.6175914,182.21675,37652.85,196.0,,
406,hellobubble.com,12011987834,2019-03-01,,,,,,,,
407,innbeautyproject.com,13337820465,2019-03-01,,,,,,,,
408,cleanandclear.com,2683864880119081946,2019-03-01,126350.0,305.0,300.31845,142.66646,124726.305,151.0,,
409,cetaphil.com,327543926,2019-03-01,39971.0,167.0,166.814,61.16266,38914.68,62.0,,
410,hellobubble.com,12011987834,2019-04-01,,,,,,,,
411,cleanandclear.com,2683864880119081946,2019-04-01,128146.0,328.0,314.15924,155.83322,126436.15,169.0,,
412,innbeautyproject.com,13337820465,2019-04-01,,,,,,,,
413,neutrogena.com,2702576867654680863,2019-04-01,580204.0,207.0,204.69724,1242.867,551814.0,1272.0,,
414,cerave.com,2702483799947922141,2019-04-01,46745.0,7.0,6.8088017,202.10898,42199.062,222.0,,
415,rosenskincare.com,2700700217578606056,2019-04-01,16711.0,759.0,756.3333,1082.6666,16082.0,1098.0,,
416,cetaphil.com,327543926,2019-04-01,40275.0,170.0,168.407,61.58133,39594.84,62.0,,
417,lovekinship.com,2706309817806813229,2019-04-01,,,,,,,,
418,rosenskincare.com,2700700217578606056,2019-05-01,19484.0,758.0,757.2857,1114.2858,18026.0,1138.0,,
419,cleanandclear.com,2683864880119081946,2019-05-01,128574.0,328.0,321.07962,165.41661,127505.08,175.0,,
420,hellobubble.com,12011987834,2019-05-01,,,,,,,,
421,lovekinship.com,2706309817806813229,2019-05-01,,,,,,,,
422,neutrogena.com,2702576867654680863,2019-05-01,599514.0,206.0,205.34862,1266.9335,575664.0,1291.0,,
423,cerave.com,2702483799947922141,2019-05-01,49017.0,40.0,23.404654,218.05473,45608.086,234.0,,
424,innbeautyproject.com,13337820465,2019-05-01,,,,,,,,
425,cetaphil.com,327543926,2019-05-01,40378.0,171.0,169.70349,61.790665,39986.42,62.0,79.0,1264.0
426,hellobubble.com,12011987834,2019-06-01,,,,,,,,
427,cerave.com,2702483799947922141,2019-06-01,53372.0,40.0,31.70239,232.52748,49490.07,247.0,,
428,innbeautyproject.com,13337820465,2019-06-01,,,,,,,,
429,rosenskincare.com,2700700217578606056,2019-06-01,21729.0,762.0,759.8,1150.4,20000.934,1182.0,,
430,lovekinship.com,2706309817806813229,2019-06-01,,,,,,,,
431,cetaphil.com,327543926,2019-06-01,41114.0,174.0,171.85175,59.895332,40550.21,58.0,5.0,145.0
432,cleanandclear.com,2683864880119081946,2019-06-01,128303.0,328.0,324.5398,173.70831,127904.04,182.0,,
433,neutrogena.com,2702576867654680863,2019-06-01,615035.0,204.0,204.6743,1287.4667,595349.5,1308.0,,
434,innbeautyproject.com,13337820465,2019-07-01,,,,,,,,
435,rosenskincare.com,2700700217578606056,2019-07-01,23407.0,770.0,765.0645,1183.742,21758.902,1215.0,,
436,neutrogena.com,2702576867654680863,2019-07-01,627971.0,204.0,204.33716,1304.2334,611660.25,1321.0,,
437,hellobubble.com,12011987834,2019-07-01,,,,,,,,
438,lovekinship.com,2706309817806813229,2019-07-01,,,,,,,,
439,cerave.com,2702483799947922141,2019-07-01,57357.0,54.0,42.85124,246.2638,53423.55,260.0,,
440,cetaphil.com,327543926,2019-07-01,42627.0,176.0,173.92587,59.447666,41588.605,59.0,,
441,cleanandclear.com,2683864880119081946,2019-07-01,129935.0,328.0,326.2699,180.85416,128919.516,188.0,,
442,cetaphil.com,327543926,2019-08-01,44180.0,176.0,174.96294,59.22383,42884.3,59.0,237.0,5379.0
443,neutrogena.com,2702576867654680863,2019-08-01,643752.0,207.0,205.66858,1320.6167,627706.1,1337.0,,
444,hellobubble.com,12011987834,2019-08-01,,,,,,,,
445,rosenskincare.com,2700700217578606056,2019-08-01,25114.0,815.0,790.4286,1217.9048,23463.08,1251.0,,
446,innbeautyproject.com,13337820465,2019-08-01,,,,,,,,
447,cerave.com,2702483799947922141,2019-08-01,62285.0,61.0,51.925636,263.13193,57854.285,280.0,,
448,lovekinship.com,2706309817806813229,2019-08-01,,,,,,,,
449,cleanandclear.com,2683864880119081946,2019-08-01,131563.0,327.0,326.63495,187.42708,130241.26,194.0,,
450,neutrogena.com,2702576867654680863,2019-09-01,,,206.83429,1339.5583,646751.56,,,
451,rosenskincare.com,2700700217578606056,2019-09-01,,,806.4394,1257.9653,25377.697,,,
452,cerave.com,2702483799947922141,2019-09-01,65746.0,62.0,56.962822,277.56598,61800.145,292.0,,
453,lovekinship.com,2706309817806813229,2019-09-01,,,,,,,,
454,hellobubble.com,12011987834,2019-09-01,,,,,,,,
455,innbeautyproject.com,13337820465,2019-09-01,,,,,,,,
456,cleanandclear.com,2683864880119081946,2019-09-01,132779.0,327.0,326.81747,193.21353,131510.12,199.0,,
457,cetaphil.com,327543926,2019-09-01,,,177.08147,60.011917,44089.25,,,
458,cetaphil.com,327543926,2019-10-01,,,179.74074,61.305958,45248.824,,,
459,cleanandclear.com,2683864880119081946,2019-10-01,,,327.40875,202.10677,133173.06,,,
460,cerave.com,2702483799947922141,2019-10-01,,,63.081413,291.483,65722.27,,,
461,lovekinship.com,2706309817806813229,2019-10-01,,,,,,,,
462,innbeautyproject.com,13337820465,2019-10-01,,,,,,,,
463,neutrogena.com,2702576867654680863,2019-10-01,687842.0,209.0,207.91714,1359.7792,667296.8,1380.0,,
464,hellobubble.com,12011987834,2019-10-01,,,,,,,,
465,rosenskincare.com,2700700217578606056,2019-10-01,,,817.9647,1301.051,27402.156,,,
466,cleanandclear.com,2683864880119081946,2019-11-01,,,328.20438,212.55339,135033.03,,,
467,neutrogena.com,2702576867654680863,2019-11-01,702900.0,210.0,208.95857,1378.8895,685098.4,1398.0,,
468,rosenskincare.com,2700700217578606056,2019-11-01,,,827.3006,1345.7128,29484.746,,,
469,cerave.com,2702483799947922141,2019-11-01,,,69.74071,305.1415,69632.54,,,
470,lovekinship.com,2706309817806813229,2019-11-01,,,,,,,,
471,hellobubble.com,12011987834,2019-11-01,,,,,,,,
472,innbeautyproject.com,13337820465,2019-11-01,,,,,,,,
473,cetaphil.com,327543926,2019-11-01,,,182.67036,62.852978,46385.71,,,
474,hellobubble.com,12011987834,2019-12-01,,,,,,,,
475,cetaphil.com,327543926,2019-12-01,,,185.73518,64.52649,47511.258,,,
476,cleanandclear.com,2683864880119081946,2019-12-01,138950.0,330.0,329.10217,223.77669,136991.52,235.0,,
477,rosenskincare.com,2700700217578606056,2019-12-01,,,835.55835,1391.2008,31598.236,,,
478,neutrogena.com,2702576867654680863,2019-12-01,,,209.47928,1396.1948,698591.44,,,
479,lovekinship.com,2706309817806813229,2019-12-01,6074.0,54.0,54.0,56.0,6074.0,56.0,,
480,innbeautyproject.com,13337820465,2019-12-01,,,,,,,,
481,cerave.com,2702483799947922141,2019-12-01,,,76.67036,318.67075,73536.87,,,
482,cleanandclear.com,2683864880119081946,2020-01-01,140230.0,330.0,329.5511,233.38835,138610.77,243.0,,
483,neutrogena.com,2702576867654680863,2020-01-01,721269.0,210.0,209.73964,1412.5974,709930.25,1429.0,,
484,lovekinship.com,2706309817806813229,2020-01-01,7359.0,63.0,60.0,68.666664,6930.6665,75.0,,
485,cetaphil.com,327543926,2020-01-01,49751.0,192.0,188.86758,66.263245,48631.13,68.0,,
486,cerave.com,2702483799947922141,2020-01-01,,,83.735176,332.13538,77438.234,,,
487,innbeautyproject.com,13337820465,2020-01-01,11050.0,1553.0,1553.0,144.0,11050.0,144.0,90.0,3272.0
488,rosenskincare.com,2700700217578606056,2020-01-01,35856.0,851.0,843.28296,1437.1228,33728.16,1483.0,,
489,hellobubble.com,12011987834,2020-01-01,,,,,,,,
490,cerave.com,2702483799947922141,2020-02-01,85238.0,98.0,90.86759,345.5677,81338.12,359.0,,
491,hellobubble.com,12011987834,2020-02-01,,,,,,,,
492,cleanandclear.com,2683864880119081946,2020-02-01,141705.0,330.0,329.77554,243.19417,140157.88,253.0,,
493,neutrogena.com,2702576867654680863,2020-02-01,735888.0,210.0,209.86983,1428.7987,722909.1,1445.0,,
494,innbeautyproject.com,13337820465,2020-02-01,16930.0,1744.0,1680.3334,181.33333,14970.0,200.0,35.0,2864.0
495,cetaphil.com,327543926,2020-02-01,51059.0,192.0,190.43379,67.13162,49845.062,68.0,,
496,rosenskincare.com,2700700217578606056,2020-02-01,37554.0,866.0,854.6442,1479.0717,35641.547,1521.0,,
497,lovekinship.com,2706309817806813229,2020-02-01,,,75.14286,84.85714,8038.0,,,
498,innbeautyproject.com,13337820465,2020-03-01,18625.0,1782.0,1738.4286,208.0,17058.572,228.0,99.0,3338.0
499,rosenskincare.com,2700700217578606056,2020-03-01,38541.0,928.0,891.3266,1518.0405,37091.45,1557.0,,
500,cleanandclear.com,2683864880119081946,2020-03-01,142640.0,329.0,329.3878,252.09709,141398.94,261.0,,
501,cerave.com,2702483799947922141,2020-03-01,96139.0,112.0,101.43379,363.28384,88738.56,381.0,,
502,cetaphil.com,327543926,2020-03-01,51963.0,192.0,191.2169,67.56581,50904.03,68.0,270.0,2941.0
503,neutrogena.com,2702576867654680863,2020-03-01,765020.0,210.0,209.9349,1435.3993,743964.56,1442.0,,
504,lovekinship.com,2706309817806813229,2020-03-01,10378.0,110.0,93.73333,103.066666,9286.0,119.0,,
505,hellobubble.com,12011987834,2020-03-01,,,,,,,,
506,cetaphil.com,327543926,2020-04-01,53784.0,191.0,191.10844,63.282906,52344.016,59.0,352.0,5006.0
507,cerave.com,2702483799947922141,2020-04-01,105977.0,122.0,111.716896,378.14194,97357.78,393.0,,
508,rosenskincare.com,2700700217578606056,2020-04-01,39633.0,947.0,919.165,1551.5223,38362.3,1585.0,,
509,innbeautyproject.com,13337820465,2020-04-01,21611.0,1829.0,1786.7333,233.6,19486.533,256.0,192.0,4320.0
510,hellobubble.com,12011987834,2020-04-01,,,,,,,,
511,lovekinship.com,2706309817806813229,2020-04-01,12610.0,123.0,108.83871,122.645164,11001.613,141.0,,
512,neutrogena.com,2702576867654680863,2020-04-01,775634.0,210.0,209.96745,1446.6997,759799.25,1458.0,,
513,cleanandclear.com,2683864880119081946,2020-04-01,142382.0,331.0,330.19388,258.54855,141890.47,265.0,,
514,lovekinship.com,2706309817806813229,2020-05-01,16634.0,142.0,125.68254,143.14285,13862.508,163.0,,
515,rosenskincare.com,2700700217578606056,2020-05-01,41060.0,1001.0,960.08374,1447.758,39711.19,1344.0,,
516,cetaphil.com,327543926,2020-05-01,56373.0,194.0,192.55423,65.64146,54358.508,68.0,194.0,2338.0
517,hellobubble.com,12011987834,2020-05-01,,,,,,,,
518,cleanandclear.com,2683864880119081946,2020-05-01,142018.0,330.0,330.09695,268.27426,141954.23,278.0,,
519,innbeautyproject.com,13337820465,2020-05-01,24288.0,1864.0,1826.6129,259.6129,21964.709,284.0,104.0,4557.0
520,neutrogena.com,2702576867654680863,2020-05-01,790328.0,210.0,209.98373,1461.8499,775063.6,1477.0,,
521,cerave.com,2702483799947922141,2020-05-01,126827.0,127.0,119.35845,393.57095,112092.39,409.0,,
522,hellobubble.com,12011987834,2020-06-01,,,,,,,,
523,lovekinship.com,2706309817806813229,2020-06-01,,,163.88977,163.22835,16351.449,,,
524,neutrogena.com,2702576867654680863,2020-06-01,,,209.74187,1473.9249,787758.3,,,
525,rosenskincare.com,2700700217578606056,2020-06-01,54305.0,1367.0,1163.5449,1414.8785,47008.207,1382.0,,
526,innbeautyproject.com,13337820465,2020-06-01,26921.0,1942.0,1885.2222,285.7143,24482.191,311.0,156.0,6083.0
527,cleanandclear.com,2683864880119081946,2020-06-01,142360.0,331.0,330.54846,276.63715,142157.12,285.0,,
528,cetaphil.com,327543926,2020-06-01,58887.0,193.0,192.77711,69.320724,56622.754,73.0,477.0,6944.0
529,cerave.com,2702483799947922141,2020-06-01,159079.0,135.0,127.17922,402.7855,135585.69,412.0,,
530,cetaphil.com,327543926,2020-07-01,,,192.88855,75.41036,58783.13,,,
531,hellobubble.com,12011987834,2020-07-01,,,,,,,,
532,cleanandclear.com,2683864880119081946,2020-07-01,142506.0,331.0,330.77423,285.81857,142331.56,295.0,,
533,rosenskincare.com,2700700217578606056,2020-07-01,,,1295.7734,1412.9392,52072.016,,,
534,cerave.com,2702483799947922141,2020-07-01,196989.0,144.0,135.58961,412.89273,166287.34,423.0,,
535,innbeautyproject.com,13337820465,2020-07-01,,,1930.4646,313.07086,26775.764,,,
536,neutrogena.com,2702576867654680863,2020-07-01,810578.0,209.0,209.37093,1484.4624,799168.2,1495.0,,
537,lovekinship.com,2706309817806813229,2020-07-01,20969.0,261.0,212.6353,183.19215,18669.28,203.0,,
538,cerave.com,2702483799947922141,2020-08-01,,,143.2948,425.69638,197048.92,,,
539,cetaphil.com,327543926,2020-08-01,63000.0,193.0,192.94427,82.705185,60891.562,90.0,292.0,5386.0
540,neutrogena.com,2702576867654680863,2020-08-01,823762.0,210.0,209.68547,1501.7312,811465.06,1519.0,,
541,cleanandclear.com,2683864880119081946,2020-08-01,143680.0,331.0,330.88712,294.40927,143005.78,303.0,,
542,lovekinship.com,2706309817806813229,2020-08-01,21858.0,290.0,251.39334,203.13503,20266.76,223.0,,
543,hellobubble.com,12011987834,2020-08-01,,,,,,,,
544,rosenskincare.com,2700700217578606056,2020-08-01,,,1392.3871,1426.4697,56019.273,,,
545,innbeautyproject.com,13337820465,2020-08-01,31146.0,2008.0,1969.3843,341.1451,28969.451,369.0,99.0,4423.0
546,lovekinship.com,2706309817806813229,2020-09-01,24038.0,394.0,322.7664,229.59335,22154.223,256.0,,
547,neutrogena.com,2702576867654680863,2020-09-01,836589.0,210.0,209.84273,1523.3656,824027.06,1545.0,,
548,hellobubble.com,12011987834,2020-09-01,,,,,,,,
549,cetaphil.com,327543926,2020-09-01,,,193.22214,90.60259,62592.28,,,
550,innbeautyproject.com,13337820465,2020-09-01,,,2013.7788,369.87866,30504.975,,,
551,cerave.com,2702483799947922141,2020-09-01,258632.0,158.0,150.6474,439.84818,227840.47,454.0,,
552,rosenskincare.com,2700700217578606056,2020-09-01,,,1471.1937,1447.7349,59408.27,,,
553,cleanandclear.com,2683864880119081946,2020-09-01,146561.0,331.0,330.94357,304.70465,144783.39,315.0,,
554,cetaphil.com,327543926,2020-10-01,65586.0,194.0,193.61107,98.80129,64089.14,107.0,23.0,767.0
555,cerave.com,2702483799947922141,2020-10-01,282060.0,163.0,156.8237,450.9241,254950.23,462.0,,
556,neutrogena.com,2702576867654680863,2020-10-01,844034.0,210.0,209.92137,1546.1829,834030.5,1569.0,,
557,innbeautyproject.com,13337820465,2020-10-01,32923.0,2108.0,2060.9355,398.96774,31715.17,428.0,60.0,2433.0
558,lovekinship.com,2706309817806813229,2020-10-01,24505.0,424.0,373.40793,250.3068,23330.186,271.0,,
559,rosenskincare.com,2700700217578606056,2020-10-01,65628.0,1611.0,1541.0969,1472.8674,62518.137,1498.0,,
560,cleanandclear.com,2683864880119081946,2020-10-01,146591.0,331.0,330.97177,314.85233,145687.19,325.0,,
561,hellobubble.com,12011987834,2020-10-01,,,,,,,,
562,innbeautyproject.com,13337820465,2020-11-01,33349.0,2246.0,2153.513,428.99854,32532.484,459.0,167.0,4426.0
563,rosenskincare.com,2700700217578606056,2020-11-01,65335.0,1618.0,1579.5485,1499.4337,63926.57,1526.0,,
564,neutrogena.com,2702576867654680863,2020-11-01,854519.0,212.0,210.96068,1567.0914,844274.75,1588.0,,
565,cleanandclear.com,2683864880119081946,2020-11-01,145736.0,331.0,330.9859,322.92615,145711.6,331.0,,
566,cetaphil.com,327543926,2020-11-01,67325.0,200.0,196.80554,104.40065,65707.07,110.0,292.0,5030.0
567,lovekinship.com,2706309817806813229,2020-11-01,24841.0,450.0,411.71332,267.65762,24085.777,285.0,,
568,cerave.com,2702483799947922141,2020-11-01,303215.0,163.0,159.91185,463.96204,279082.62,477.0,,
569,hellobubble.com,12011987834,2020-11-01,47213.0,14.0,14.0,24.0,47213.0,24.0,548.0,74104.0
570,lovekinship.com,2706309817806813229,2020-12-01,,,438.85995,280.66373,25610.074,,,
571,cleanandclear.com,2683864880119081946,2020-12-01,144642.0,329.0,329.99295,334.46307,145176.8,346.0,,
572,hellobubble.com,12011987834,2020-12-01,55305.0,14.0,14.0,44.666668,52607.668,55.0,2077.0,110073.0
573,rosenskincare.com,2700700217578606056,2020-12-01,,,1601.2743,1534.2169,64585.785,,,
574,cerave.com,2702483799947922141,2020-12-01,,,164.85593,480.381,302268.84,,,
575,neutrogena.com,2702576867654680863,2020-12-01,862463.0,211.0,210.98035,1591.0457,853368.9,1615.0,,
576,cetaphil.com,327543926,2020-12-01,68740.0,206.0,201.40277,114.200325,67223.54,124.0,103.0,3305.0
577,innbeautyproject.com,13337820465,2020-12-01,33875.0,2320.0,2236.7769,458.00635,33203.906,487.0,68.0,2280.0
578,cetaphil.com,327543926,2021-01-01,70426.0,207.0,204.20139,125.60016,68824.766,137.0,155.0,3680.0
579,innbeautyproject.com,13337820465,2021-01-01,,,2305.1968,488.4069,34404.0,,,
580,neutrogena.com,2702576867654680863,2021-01-01,868421.0,212.0,211.49017,1615.5228,860894.94,1640.0,,
581,lovekinship.com,2706309817806813229,2021-01-01,,,460.4313,291.4992,27518.654,,,
582,cleanandclear.com,2683864880119081946,2021-01-01,,,329.66315,365.06488,144491.56,,,
583,cerave.com,2702483799947922141,2021-01-01,,,170.72797,498.4905,324982.03,,,
584,rosenskincare.com,2700700217578606056,2021-01-01,65155.0,1628.0,1614.6371,1573.1084,64870.39,1612.0,,
585,hellobubble.com,12011987834,2021-01-01,56091.0,14.0,14.0,55.714287,54598.145,64.0,1160.0,54648.0
586,hellobubble.com,12011987834,2021-02-01,66837.0,14.0,14.0,86.26667,61125.535,113.0,1106.0,32122.0
587,rosenskincare.com,2700700217578606056,2021-02-01,69074.0,1646.0,1630.3186,1616.0542,66972.195,1659.0,,
588,cerave.com,2702483799947922141,2021-02-01,,,177.06398,517.44525,347458.66,,,
589,innbeautyproject.com,13337820465,2021-02-01,,,2366.2021,519.5054,35868.39,,,
590,cetaphil.com,327543926,2021-02-01,73545.0,208.0,206.1007,144.30008,71184.88,163.0,173.0,4681.0
591,lovekinship.com,2706309817806813229,2021-02-01,31720.0,498.0,479.21622,301.2499,29619.39,311.0,,
592,neutrogena.com,2702576867654680863,2021-02-01,872858.0,212.0,211.74509,1642.7615,866876.5,1670.0,,
593,cleanandclear.com,2683864880119081946,2021-02-01,,,329.66492,405.1991,143731.11,,,
594,hellobubble.com,12011987834,2021-03-01,68579.0,14.0,14.0,105.22581,64972.484,123.0,1717.0,30849.0
595,neutrogena.com,2702576867654680863,2021-03-01,,,212.52254,1662.0807,870870.56,,,
596,cerave.com,2702483799947922141,2021-03-01,,,183.63199,536.82263,369817.03,,,
597,cleanandclear.com,2683864880119081946,2021-03-01,142135.0,330.0,329.83246,450.09955,142933.06,495.0,,
598,cetaphil.com,327543926,2021-03-01,,,208.80034,160.65004,73461.945,,,
599,rosenskincare.com,2700700217578606056,2021-03-01,,,1639.7593,1653.5271,67979.0,,,
600,lovekinship.com,2706309817806813229,2021-03-01,,,491.6083,308.37506,30871.965,,,
601,innbeautyproject.com,13337820465,2021-03-01,,,2423.5027,550.9536,37464.94,,,
602,rosenskincare.com,2700700217578606056,2021-04-01,,,1646.0796,1688.2635,68438.3,,,
603,neutrogena.com,2702576867654680863,2021-04-01,,,213.56126,1677.4403,873871.0,,,
604,hellobubble.com,12011987834,2021-04-01,72171.0,15.0,14.5079365,130.0,68628.875,154.0,1408.0,25147.0
605,cerave.com,2702483799947922141,2021-04-01,,,190.316,556.4113,392116.28,,,
606,innbeautyproject.com,13337820465,2021-04-01,,,2478.9521,582.5773,39127.598,,,
607,lovekinship.com,2706309817806813229,2021-04-01,32529.0,510.0,500.80423,314.18756,31700.488,320.0,,
608,cleanandclear.com,2683864880119081946,2021-04-01,141885.0,330.0,329.91623,492.04977,142409.03,534.0,,
609,cetaphil.com,327543926,2021-04-01,77933.0,215.0,211.90018,175.82503,75697.47,191.0,247.0,3938.0
610,cleanandclear.com,2683864880119081946,2021-05-01,,,329.84702,517.3582,142239.12,,,
611,cetaphil.com,327543926,2021-05-01,,,214.03342,193.6625,78414.15,,,
612,lovekinship.com,2706309817806813229,2021-05-01,34968.0,542.0,521.40216,327.59384,33334.25,341.0,,
613,hellobubble.com,12011987834,2021-05-01,,,14.755905,156.20473,71563.11,,,
614,rosenskincare.com,2700700217578606056,2021-05-01,,,1650.8398,1721.6318,68623.85,,,
615,cerave.com,2702483799947922141,2021-05-01,,,197.058,576.10565,414385.94,,,
616,neutrogena.com,2702576867654680863,2021-05-01,,,214.73064,1690.8202,876374.56,,,
617,innbeautyproject.com,13337820465,2021-05-01,,,2533.4766,614.2889,40823.312,,,
618,cetaphil.com,327543926,2021-06-01,,,215.68338,212.83125,81371.41,,,
619,hellobubble.com,12011987834,2021-06-01,76732.0,15.0,14.878431,183.20784,74157.69,210.0,614.0,15137.0
620,rosenskincare.com,2700700217578606056,2021-06-01,,,1654.82,1754.3159,68672.52,,,
621,neutrogena.com,2702576867654680863,2021-06-01,,,215.96532,1703.2101,878629.7,,,
622,innbeautyproject.com,13337820465,2021-06-01,,,2587.5386,646.04456,42535.562,,,
623,cerave.com,2702483799947922141,2021-06-01,,,203.829,595.85284,436640.8,,,
624,lovekinship.com,2706309817806813229,2021-06-01,36024.0,569.0,545.2011,345.79697,34679.13,364.0,,
625,cleanandclear.com,2683864880119081946,2021-06-01,,,329.70126,534.34576,142246.28,,,
626,cetaphil.com,327543926,2021-07-01,,,217.09169,232.66563,84448.95,,,
627,neutrogena.com,2702576867654680863,2021-07-01,,,217.23267,1715.1051,880760.56,,,
628,innbeautyproject.com,13337820465,2021-07-01,,,2641.3694,677.8223,44256.086,,,
629,cerave.com,2702483799947922141,2021-07-01,,,210.6145,615.6264,458888.3,,,
630,lovekinship.com,2706309817806813229,2021-07-01,,,562.2673,365.56516,35785.066,,,
631,hellobubble.com,12011987834,2021-07-01,,,14.939335,215.16634,78359.305,,,
632,cleanandclear.com,2683864880119081946,2021-07-01,,,329.5173,547.1729,142341.97,,,
633,rosenskincare.com,2700700217578606056,2021-07-01,68633.0,1662.0,1658.4099,1786.658,68652.766,1819.0,,
634,cerave.com,2702483799947922141,2021-08-01,,,217.40726,635.4132,481132.1,,,
635,lovekinship.com,2706309817806813229,2021-08-01,,,575.967,386.11594,36771.53,,,
636,cetaphil.com,327543926,2021-08-01,,,218.37918,252.83281,87586.64,,,
637,hellobubble.com,12011987834,2021-08-01,,,14.969697,249.6168,83363.04,,,
638,innbeautyproject.com,13337820465,2021-08-01,,,2695.0847,709.6112,45980.742,,,
639,cleanandclear.com,2683864880119081946,2021-08-01,,,329.3142,557.9198,142481.94,,,
640,rosenskincare.com,2700700217578606056,2021-08-01,,,1659.105,1817.729,68415.38,,,
641,neutrogena.com,2702576867654680863,2021-08-01,,,218.51633,1726.7526,882829.4,,,
642,cleanandclear.com,2683864880119081946,2021-09-01,,,329.10156,567.6265,142644.02,,,
643,rosenskincare.com,2700700217578606056,2021-09-01,,,1658.3525,1848.1644,68069.19,,,
644,innbeautyproject.com,13337820465,2021-09-01,,,2748.7424,741.40564,47707.473,,,
645,cetaphil.com,327543926,2021-09-01,,,219.60626,273.1664,90754.41,,,
646,hellobubble.com,12011987834,2021-09-01,,,14.984856,285.32584,88768.91,,,
647,lovekinship.com,2706309817806813229,2021-09-01,38625.0,600.0,587.98346,407.05795,37698.266,428.0,,
648,cerave.com,2702483799947922141,2021-09-01,525616.0,231.0,224.20363,655.2066,503374.06,675.0,,
649,neutrogena.com,2702576867654680863,2021-09-01,,,219.80817,1738.2762,884867.1,,,
650,cleanandclear.com,2683864880119081946,2021-10-01,,,328.8841,576.8133,142817.17,,,
651,lovekinship.com,2706309817806813229,2021-10-01,,,596.6584,428.69565,38459.633,,,
652,cerave.com,2702483799947922141,2021-10-01,,,229.6018,673.43665,519474.7,,,
653,innbeautyproject.com,13337820465,2021-10-01,51163.0,2856.0,2802.371,773.2028,49435.24,805.0,,
654,neutrogena.com,2702576867654680863,2021-10-01,,,221.10408,1749.7382,886889.4,,,
655,hellobubble.com,12011987834,2021-10-01,99982.0,15.0,14.99243,321.67178,94376.82,358.0,663.0,25514.0
656,cetaphil.com,327543926,2021-10-01,97120.0,222.0,220.80313,293.5832,93937.2,314.0,95.0,2894.0
657,rosenskincare.com,2700700217578606056,2021-10-01,,,1656.8762,1878.2822,67668.59,,,
658,innbeautyproject.com,13337820465,2021-11-01,,,2833.6855,797.85144,50677.367,,,
659,rosenskincare.com,2700700217578606056,2021-11-01,,,1655.0381,1908.2411,67240.8,,,
660,cerave.com,2702483799947922141,2021-11-01,,,234.3009,690.885,532504.7,,,
661,neutrogena.com,2702576867654680863,2021-11-01,,,222.40204,1761.1691,888903.8,,,
662,hellobubble.com,12011987834,2021-11-01,,,15.246246,347.58905,97480.04,,,
663,cetaphil.com,327543926,2021-11-01,,,222.15157,312.2916,96917.1,,177.0,5188.0
664,lovekinship.com,2706309817806813229,2021-11-01,,,603.66254,450.68115,39138.316,,,
665,cleanandclear.com,2683864880119081946,2021-11-01,,,328.66428,585.74,142995.86,,,
666,cetaphil.com,327543926,2021-12-01,102674.0,225.0,223.57578,330.1458,99795.55,348.0,,
667,lovekinship.com,2706309817806813229,2021-12-01,40413.0,616.0,609.8313,472.84058,39775.66,495.0,,
668,neutrogena.com,2702576867654680863,2021-12-01,892925.0,225.0,223.70102,1772.5845,890914.44,1784.0,,
669,hellobubble.com,12011987834,2021-12-01,101183.0,16.0,15.623146,368.2958,99331.63,389.0,,
670,innbeautyproject.com,13337820465,2021-12-01,52676.0,2874.0,2853.8428,818.9257,51676.684,840.0,,
671,cerave.com,2702483799947922141,2021-12-01,555494.0,243.0,238.65045,707.9425,543999.3,725.0,,
672,rosenskincare.com,2700700217578606056,2021-12-01,66358.0,1651.0,1653.019,1938.1206,66799.4,1968.0,,
673,cleanandclear.com,2683864880119081946,2021-12-01,,,328.44324,594.5367,143177.33,,,
674,lovekinship.com,2706309817806813229,2022-01-01,41128.0,626.0,617.91565,500.9203,40451.83,529.0,,
675,cleanandclear.com,2683864880119081946,2022-01-01,143543.0,328.0,328.22162,603.2683,143360.16,612.0,,
676,cetaphil.com,327543926,2022-01-01,106290.0,225.0,224.28789,362.0729,103042.77,394.0,,
677,cerave.com,2702483799947922141,2022-01-01,565722.0,281.0,259.82523,727.47125,554860.7,747.0,,
678,rosenskincare.com,2700700217578606056,2022-01-01,65786.0,1647.0,1650.0095,1966.0603,66292.7,1994.0,,
679,neutrogena.com,2702576867654680863,2022-01-01,893914.0,226.0,224.85051,1782.7922,892414.2,1793.0,,
680,innbeautyproject.com,13337820465,2022-01-01,58861.0,2890.0,2871.9214,839.4628,55268.844,860.0,,
681,hellobubble.com,12011987834,2022-01-01,105313.0,15.0,15.3115635,391.1486,102322.41,414.0,,
682,hellobubble.com,12011987834,2022-02-01,105149.0,15.0,15.155779,425.07483,103735.73,459.0,,
683,neutrogena.com,2702576867654680863,2022-02-01,896344.0,226.0,225.42526,1793.8961,894379.1,1805.0,,
684,lovekinship.com,2706309817806813229,2022-02-01,42002.0,638.0,627.9578,537.96014,41226.914,575.0,,
685,innbeautyproject.com,13337820465,2022-02-01,60932.0,2915.0,2893.4607,863.73145,58100.42,888.0,,
686,cerave.com,2702483799947922141,2022-02-01,583174.0,296.0,277.91263,747.2356,569017.3,767.0,,
687,rosenskincare.com,2700700217578606056,2022-02-01,65456.0,1648.0,1649.0048,1987.0302,65874.35,2008.0,,
688,cleanandclear.com,2683864880119081946,2022-02-01,144134.0,327.0,327.6108,607.63416,143747.08,612.0,,
689,cetaphil.com,327543926,2022-02-01,108364.0,226.0,225.14395,393.53644,105703.39,425.0,,
690,cerave.com,2702483799947922141,2022-03-01,627460.0,332.0,304.9563,775.6178,598238.7,804.0,,
691,neutrogena.com,2702576867654680863,2022-03-01,900328.0,226.0,225.71263,1803.9481,897353.56,1814.0,,
692,innbeautyproject.com,13337820465,2022-03-01,62546.0,2930.0,2911.7305,891.8657,60323.21,920.0,,
693,cleanandclear.com,2683864880119081946,2022-03-01,144859.0,329.0,328.30542,609.8171,144303.05,612.0,,
694,rosenskincare.com,2700700217578606056,2022-03-01,66038.0,1648.0,1648.5024,1981.515,65956.17,1976.0,,
695,cetaphil.com,327543926,2022-03-01,,,225.57198,409.26822,107033.695,,,
696,lovekinship.com,2706309817806813229,2022-03-01,43015.0,639.0,633.4789,583.4801,42120.957,629.0,,
697,hellobubble.com,12011987834,2022-03-01,105327.0,16.0,15.577893,456.03766,104531.37,487.0,,
